timestamp,open,high,low,close,volume
2025-05-19 09:31:00+05:30,1939.8,1940.4,1938.0,1938.0,27627.0
2025-05-19 09:32:00+05:30,1938.0,1938.0,1936.4,1936.4,11793.0
2025-05-19 09:33:00+05:30,1936.3,1936.4,1935.0,1935.1,17487.0
2025-05-19 09:34:00+05:30,1935.0,1937.1,1935.0,1936.5,10857.0
2025-05-19 09:35:00+05:30,1936.6,1937.1,1935.7,1935.7,8091.0
2025-05-19 09:36:00+05:30,1936.0,1936.5,1934.7,1935.2,11531.0
2025-05-19 09:37:00+05:30,1935.0,1937.0,1934.7,1937.0,7796.0
2025-05-19 09:38:00+05:30,1936.8,1938.0,1936.6,1937.0,9203.0
2025-05-19 09:39:00+05:30,1937.0,1937.2,1936.1,1936.8,8877.0
2025-05-19 09:40:00+05:30,1936.5,1936.9,1936.2,1936.7,6642.0
2025-05-19 09:41:00+05:30,1936.5,1936.6,1935.5,1936.2,6187.0
2025-05-19 09:42:00+05:30,1936.2,1936.2,1934.7,1935.1,2949.0
2025-05-19 09:43:00+05:30,1935.1,1935.6,1934.7,1935.5,5316.0
2025-05-19 09:44:00+05:30,1935.5,1936.2,1934.7,1934.9,11316.0
2025-05-19 09:45:00+05:30,1935.0,1935.0,1933.3,1934.4,6825.0
2025-05-19 09:46:00+05:30,1933.8,1935.0,1933.6,1934.8,3669.0
2025-05-19 09:47:00+05:30,1934.7,1934.8,1934.4,1934.4,2047.0
2025-05-19 09:48:00+05:30,1934.4,1934.5,1934.0,1934.4,2977.0
2025-05-19 09:49:00+05:30,1934.2,1934.4,1934.1,1934.4,1980.0
2025-05-19 09:50:00+05:30,1934.2,1935.6,1934.1,1935.3,6008.0
2025-05-19 09:51:00+05:30,1935.4,1936.9,1935.4,1935.9,7240.0
2025-05-19 09:52:00+05:30,1935.9,1935.9,1935.0,1935.1,2349.0
2025-05-19 09:53:00+05:30,1935.2,1935.4,1933.1,1934.2,14408.0
2025-05-19 09:54:00+05:30,1933.8,1934.9,1933.8,1934.8,1547.0
2025-05-19 09:55:00+05:30,1934.7,1934.8,1933.7,1934.0,4617.0
2025-05-19 09:56:00+05:30,1933.9,1934.6,1933.0,1933.5,6817.0
2025-05-19 09:57:00+05:30,1933.0,1933.9,1932.9,1932.9,12072.0
2025-05-19 09:58:00+05:30,1932.8,1933.6,1932.5,1932.6,2363.0
2025-05-19 09:59:00+05:30,1932.7,1933.0,1932.1,1932.1,6441.0
2025-05-19 10:00:00+05:30,1932.1,1933.3,1931.3,1933.1,7283.0
2025-05-19 10:01:00+05:30,1933.1,1934.1,1933.0,1933.7,3838.0
2025-05-19 10:02:00+05:30,1933.4,1934.5,1933.4,1934.4,1438.0
2025-05-19 10:03:00+05:30,1934.5,1935.0,1933.9,1934.9,3834.0
2025-05-19 10:04:00+05:30,1934.9,1935.0,1933.2,1933.9,4536.0
2025-05-19 10:05:00+05:30,1933.7,1934.0,1933.5,1934.0,1164.0
2025-05-19 10:06:00+05:30,1933.6,1934.0,1933.4,1934.0,1735.0
2025-05-19 10:07:00+05:30,1933.8,1934.7,1933.6,1934.6,10027.0
2025-05-19 10:08:00+05:30,1934.6,1934.8,1934.0,1934.7,3697.0
2025-05-19 10:09:00+05:30,1934.8,1935.0,1934.3,1935.0,2404.0
2025-05-19 10:10:00+05:30,1935.0,1936.8,1934.9,1936.7,5403.0
2025-05-19 10:11:00+05:30,1936.8,1936.8,1935.0,1935.4,5918.0
2025-05-19 10:12:00+05:30,1935.0,1936.5,1935.0,1935.7,2285.0
2025-05-19 10:13:00+05:30,1935.0,1936.4,1935.0,1936.2,1411.0
2025-05-19 10:14:00+05:30,1935.9,1937.0,1935.9,1936.8,8855.0
2025-05-19 10:15:00+05:30,1936.8,1937.0,1936.7,1937.0,2805.0
2025-05-19 10:16:00+05:30,1936.9,1937.7,1936.9,1937.7,6098.0
2025-05-19 10:17:00+05:30,1937.4,1939.0,1937.0,1937.7,10206.0
2025-05-19 10:18:00+05:30,1937.6,1938.1,1937.0,1937.8,3979.0
2025-05-19 10:19:00+05:30,1937.8,1937.9,1937.0,1937.3,2835.0
2025-05-19 10:20:00+05:30,1937.3,1937.5,1937.0,1937.1,4704.0
2025-05-19 10:21:00+05:30,1937.1,1939.0,1937.1,1938.8,5613.0
2025-05-19 10:22:00+05:30,1938.8,1938.8,1937.8,1938.3,2983.0
2025-05-19 10:23:00+05:30,1938.0,1939.0,1938.0,1938.9,19874.0
2025-05-19 10:24:00+05:30,1938.8,1939.5,1938.7,1939.5,5580.0
2025-05-19 10:25:00+05:30,1939.0,1941.0,1939.0,1939.1,46511.0
2025-05-19 10:26:00+05:30,1939.0,1939.9,1938.9,1939.5,6152.0
2025-05-19 10:27:00+05:30,1939.5,1939.6,1938.4,1938.7,3809.0
2025-05-19 10:28:00+05:30,1938.6,1939.2,1938.3,1939.2,3778.0
2025-05-19 10:29:00+05:30,1939.0,1939.8,1938.9,1939.5,1823.0
2025-05-19 10:30:00+05:30,1939.7,1940.0,1939.0,1940.0,4826.0
2025-05-19 10:31:00+05:30,1939.8,1940.0,1939.1,1939.7,4281.0
2025-05-19 10:32:00+05:30,1939.7,1940.1,1939.4,1940.0,2281.0
2025-05-19 10:33:00+05:30,1939.9,1941.0,1939.6,1939.9,5222.0
2025-05-19 10:34:00+05:30,1939.9,1940.6,1939.2,1939.8,7457.0
2025-05-19 10:35:00+05:30,1939.2,1939.2,1938.3,1939.0,2179.0
2025-05-19 10:36:00+05:30,1939.0,1939.2,1938.7,1938.8,1058.0
2025-05-19 10:37:00+05:30,1938.8,1938.9,1938.0,1938.4,2611.0
2025-05-19 10:38:00+05:30,1938.1,1940.0,1938.1,1940.0,4392.0
2025-05-19 10:39:00+05:30,1939.6,1939.8,1939.2,1939.2,2755.0
2025-05-19 10:40:00+05:30,1939.2,1940.2,1938.3,1940.0,6092.0
2025-05-19 10:41:00+05:30,1940.1,1941.0,1940.0,1941.0,9805.0
2025-05-19 10:42:00+05:30,1940.9,1940.9,1939.5,1939.5,12691.0
2025-05-19 10:43:00+05:30,1939.5,1939.6,1939.4,1939.5,1625.0
2025-05-19 10:44:00+05:30,1939.5,1940.0,1939.2,1939.5,2467.0
2025-05-19 10:45:00+05:30,1939.6,1940.0,1939.4,1939.6,2354.0
2025-05-19 10:46:00+05:30,1939.6,1940.6,1939.5,1939.9,12454.0
2025-05-19 10:47:00+05:30,1939.8,1940.2,1939.5,1939.8,4852.0
2025-05-19 10:48:00+05:30,1939.8,1940.0,1939.4,1939.6,1372.0
2025-05-19 10:49:00+05:30,1939.6,1940.0,1939.4,1939.7,12670.0
2025-05-19 10:50:00+05:30,1940.0,1940.0,1939.4,1939.5,7167.0
2025-05-19 10:51:00+05:30,1939.7,1940.6,1939.3,1940.2,6092.0
2025-05-19 10:52:00+05:30,1940.0,1941.0,1940.0,1941.0,15285.0
2025-05-19 10:53:00+05:30,1941.0,1942.9,1940.9,1941.7,17281.0
2025-05-19 10:54:00+05:30,1942.3,1944.0,1941.7,1943.5,16720.0
2025-05-19 10:55:00+05:30,1943.8,1945.0,1943.5,1944.9,34090.0
2025-05-19 10:56:00+05:30,1944.9,1945.0,1942.8,1943.7,8393.0
2025-05-19 10:57:00+05:30,1943.7,1944.7,1943.3,1943.7,3694.0
2025-05-19 10:58:00+05:30,1943.7,1943.8,1942.6,1942.6,6714.0
2025-05-19 10:59:00+05:30,1942.6,1942.7,1941.8,1942.3,35423.0
2025-05-19 11:00:00+05:30,1942.0,1942.4,1940.6,1941.6,7227.0
2025-05-19 11:01:00+05:30,1940.7,1941.6,1940.4,1941.4,7445.0
2025-05-19 11:02:00+05:30,1941.4,1942.2,1941.1,1941.8,4237.0
2025-05-19 11:03:00+05:30,1941.6,1942.2,1941.6,1942.1,2522.0
2025-05-19 11:04:00+05:30,1942.2,1942.2,1942.0,1942.2,3158.0
2025-05-19 11:05:00+05:30,1942.1,1942.9,1942.1,1942.8,4734.0
2025-05-19 11:06:00+05:30,1942.8,1942.8,1942.0,1942.0,2971.0
2025-05-19 11:07:00+05:30,1942.0,1942.5,1942.0,1942.2,2091.0
2025-05-19 11:08:00+05:30,1942.2,1942.3,1942.0,1942.2,3114.0
2025-05-19 11:09:00+05:30,1942.2,1942.2,1941.8,1941.8,3800.0
2025-05-19 11:10:00+05:30,1942.0,1942.2,1941.8,1942.1,4118.0
2025-05-19 11:11:00+05:30,1942.2,1942.5,1941.1,1942.2,38495.0
2025-05-19 11:12:00+05:30,1942.2,1942.8,1940.7,1941.7,5015.0
2025-05-19 11:13:00+05:30,1941.8,1941.9,1941.1,1941.6,5700.0
2025-05-19 11:14:00+05:30,1941.7,1941.7,1940.9,1941.4,3523.0
2025-05-19 11:15:00+05:30,1941.4,1942.5,1941.4,1941.9,11208.0
2025-05-19 11:16:00+05:30,1941.9,1942.8,1941.9,1942.7,5605.0
2025-05-19 11:17:00+05:30,1942.7,1942.8,1941.7,1942.0,3141.0
2025-05-19 11:18:00+05:30,1942.0,1942.2,1941.7,1942.1,2984.0
2025-05-19 11:19:00+05:30,1942.3,1942.4,1941.1,1941.3,3261.0
2025-05-19 11:20:00+05:30,1941.7,1942.2,1941.3,1942.1,3196.0
2025-05-19 11:21:00+05:30,1942.1,1942.1,1940.1,1940.9,9029.0
2025-05-19 11:22:00+05:30,1940.3,1940.9,1940.3,1940.8,4229.0
2025-05-19 11:23:00+05:30,1940.9,1941.0,1940.6,1940.7,2514.0
2025-05-19 11:24:00+05:30,1940.6,1940.7,1940.4,1940.4,3664.0
2025-05-19 11:25:00+05:30,1940.5,1940.6,1940.0,1940.6,8437.0
2025-05-19 11:26:00+05:30,1940.6,1940.8,1939.9,1939.9,12636.0
2025-05-19 11:27:00+05:30,1939.9,1940.0,1939.5,1939.6,3602.0
2025-05-19 11:28:00+05:30,1939.7,1939.8,1939.0,1939.8,8283.0
2025-05-19 11:29:00+05:30,1939.7,1940.0,1939.7,1939.9,3599.0
2025-05-19 11:30:00+05:30,1940.0,1940.0,1939.9,1940.0,2990.0
2025-05-19 11:31:00+05:30,1939.9,1940.0,1939.1,1939.1,8404.0
2025-05-19 11:32:00+05:30,1939.2,1939.2,1938.1,1938.1,9669.0
2025-05-19 11:33:00+05:30,1938.2,1938.6,1938.1,1938.6,3649.0
2025-05-19 11:34:00+05:30,1937.8,1937.9,1937.3,1937.5,50765.0
2025-05-19 11:35:00+05:30,1937.5,1937.7,1937.4,1937.5,8179.0
2025-05-19 11:36:00+05:30,1937.6,1937.9,1937.4,1937.9,8856.0
2025-05-19 11:37:00+05:30,1938.2,1938.6,1937.6,1937.7,36968.0
2025-05-19 11:38:00+05:30,1937.0,1938.3,1937.0,1938.2,8102.0
2025-05-19 11:39:00+05:30,1938.2,1938.2,1936.8,1936.9,21610.0
2025-05-19 11:40:00+05:30,1936.8,1937.9,1936.7,1937.2,7418.0
2025-05-19 11:41:00+05:30,1937.1,1937.2,1936.9,1937.0,4583.0
2025-05-19 11:42:00+05:30,1937.0,1937.5,1936.9,1937.3,4481.0
2025-05-19 11:43:00+05:30,1937.3,1937.9,1936.8,1936.9,5471.0
2025-05-19 11:44:00+05:30,1936.8,1936.8,1936.2,1936.3,6938.0
2025-05-19 11:45:00+05:30,1936.2,1936.5,1936.0,1936.0,5797.0
2025-05-19 11:46:00+05:30,1936.1,1936.3,1935.8,1936.2,8464.0
2025-05-19 11:47:00+05:30,1936.2,1936.6,1936.1,1936.1,5191.0
2025-05-19 11:48:00+05:30,1936.1,1937.2,1936.1,1936.3,16193.0
2025-05-19 11:49:00+05:30,1936.1,1936.2,1935.5,1935.8,12011.0
2025-05-19 11:50:00+05:30,1935.8,1939.6,1935.6,1938.2,28223.0
2025-05-19 11:51:00+05:30,1938.2,1940.0,1938.0,1938.7,22168.0
2025-05-19 11:52:00+05:30,1938.6,1939.4,1938.5,1939.3,3507.0
2025-05-19 11:53:00+05:30,1939.3,1939.5,1938.4,1938.8,5160.0
2025-05-19 11:54:00+05:30,1939.0,1939.3,1938.3,1938.8,4221.0
2025-05-19 11:55:00+05:30,1938.8,1939.5,1938.7,1939.3,3882.0
2025-05-19 11:56:00+05:30,1939.5,1939.5,1937.9,1939.5,34268.0
2025-05-19 11:57:00+05:30,1939.4,1939.5,1939.2,1939.3,6205.0
2025-05-19 11:58:00+05:30,1939.3,1939.3,1939.0,1939.0,4897.0
2025-05-19 11:59:00+05:30,1939.0,1939.2,1938.9,1939.0,4143.0
2025-05-19 12:00:00+05:30,1938.9,1939.3,1938.2,1938.6,8773.0
2025-05-19 12:01:00+05:30,1938.2,1939.8,1938.2,1939.3,7841.0
2025-05-19 12:02:00+05:30,1939.3,1939.5,1937.8,1939.5,21794.0
2025-05-19 12:03:00+05:30,1939.7,1939.8,1938.3,1938.8,9009.0
2025-05-19 12:04:00+05:30,1938.8,1939.6,1938.3,1939.0,9213.0
2025-05-19 12:05:00+05:30,1939.0,1939.5,1938.7,1938.9,5887.0
2025-05-19 12:06:00+05:30,1939.2,1939.4,1938.9,1939.4,3394.0
2025-05-19 12:07:00+05:30,1939.3,1939.4,1939.1,1939.4,6888.0
2025-05-19 12:08:00+05:30,1939.3,1939.9,1939.2,1939.4,9478.0
2025-05-19 12:09:00+05:30,1940.0,1940.0,1938.9,1939.6,9686.0
2025-05-19 12:10:00+05:30,1939.3,1939.5,1939.1,1939.5,4644.0
2025-05-19 12:11:00+05:30,1939.8,1940.0,1937.9,1938.1,26175.0
2025-05-19 12:12:00+05:30,1938.2,1940.0,1937.6,1939.7,12744.0
2025-05-19 12:13:00+05:30,1939.7,1940.0,1938.6,1940.0,19010.0
2025-05-19 12:14:00+05:30,1939.9,1940.0,1938.9,1940.0,23183.0
2025-05-19 12:15:00+05:30,1939.5,1940.0,1938.6,1939.7,10175.0
2025-05-19 12:16:00+05:30,1939.8,1939.8,1938.2,1938.6,5083.0
2025-05-19 12:17:00+05:30,1938.5,1939.7,1938.2,1939.4,10270.0
2025-05-19 12:18:00+05:30,1939.4,1940.7,1939.2,1940.0,25841.0
2025-05-19 12:19:00+05:30,1940.1,1942.3,1940.0,1942.1,24220.0
2025-05-19 12:20:00+05:30,1942.2,1942.4,1941.2,1941.2,18475.0
2025-05-19 12:21:00+05:30,1941.2,1942.3,1941.1,1942.1,26714.0
2025-05-19 12:22:00+05:30,1942.1,1942.4,1941.1,1941.2,7796.0
2025-05-19 12:23:00+05:30,1941.2,1942.6,1941.1,1942.6,11214.0
2025-05-19 12:24:00+05:30,1942.6,1942.9,1941.3,1942.1,40211.0
2025-05-19 12:25:00+05:30,1942.1,1942.6,1942.0,1942.1,9864.0
2025-05-19 12:26:00+05:30,1942.2,1942.2,1942.0,1942.2,7419.0
2025-05-19 12:27:00+05:30,1942.3,1942.5,1941.0,1941.6,11372.0
2025-05-19 12:28:00+05:30,1941.6,1941.7,1940.0,1940.0,5873.0
2025-05-19 12:29:00+05:30,1939.5,1941.4,1939.5,1940.9,9786.0
2025-05-19 12:30:00+05:30,1940.9,1941.3,1940.1,1940.1,10465.0
2025-05-19 12:31:00+05:30,1940.0,1940.1,1939.3,1939.8,5295.0
2025-05-19 12:32:00+05:30,1939.9,1940.0,1939.3,1939.4,3203.0
2025-05-19 12:33:00+05:30,1939.3,1939.5,1939.0,1939.3,5185.0
2025-05-19 12:34:00+05:30,1939.3,1939.8,1939.0,1939.0,3510.0
2025-05-19 12:35:00+05:30,1939.3,1939.3,1938.8,1939.0,5715.0
2025-05-19 12:36:00+05:30,1938.8,1940.0,1938.5,1938.5,20651.0
2025-05-19 12:37:00+05:30,1938.3,1939.5,1938.0,1939.4,56062.0
2025-05-19 12:38:00+05:30,1939.4,1939.4,1938.4,1939.0,5602.0
2025-05-19 12:39:00+05:30,1939.0,1939.8,1939.0,1939.5,8273.0
2025-05-19 12:40:00+05:30,1939.4,1939.7,1939.4,1939.6,3107.0
2025-05-19 12:41:00+05:30,1939.6,1939.6,1939.2,1939.4,3531.0
2025-05-19 12:42:00+05:30,1939.5,1939.5,1939.1,1939.2,3674.0
2025-05-19 12:43:00+05:30,1939.1,1939.2,1938.6,1939.0,5610.0
2025-05-19 12:44:00+05:30,1938.8,1939.0,1938.0,1938.1,6440.0
2025-05-19 12:45:00+05:30,1938.0,1938.5,1937.8,1938.5,13286.0
2025-05-19 12:46:00+05:30,1938.5,1938.5,1938.4,1938.5,7688.0
2025-05-19 12:47:00+05:30,1938.5,1938.5,1937.6,1937.9,7992.0
2025-05-19 12:48:00+05:30,1937.9,1938.5,1937.8,1938.5,10497.0
2025-05-19 12:49:00+05:30,1938.4,1938.5,1938.4,1938.5,6289.0
2025-05-19 12:50:00+05:30,1938.5,1938.5,1938.4,1938.5,6000.0
2025-05-19 12:51:00+05:30,1938.4,1940.9,1938.4,1939.6,68252.0
2025-05-19 12:52:00+05:30,1939.4,1939.9,1939.0,1939.9,4817.0
2025-05-19 12:53:00+05:30,1939.9,1940.4,1939.5,1940.0,9900.0
2025-05-19 12:54:00+05:30,1940.1,1940.7,1939.9,1940.5,6094.0
2025-05-19 12:55:00+05:30,1940.0,1940.5,1939.5,1939.7,7113.0
2025-05-19 12:56:00+05:30,1939.6,1940.0,1939.3,1940.0,6491.0
2025-05-19 12:57:00+05:30,1939.9,1939.9,1939.4,1939.5,8825.0
2025-05-19 12:58:00+05:30,1939.5,1939.5,1939.3,1939.5,6616.0
2025-05-19 12:59:00+05:30,1939.4,1939.5,1939.3,1939.5,6153.0
2025-05-19 13:00:00+05:30,1939.4,1939.5,1939.3,1939.3,4342.0
2025-05-19 13:01:00+05:30,1939.3,1939.4,1938.9,1939.0,14949.0
2025-05-19 13:02:00+05:30,1938.9,1939.0,1938.9,1939.0,6152.0
2025-05-19 13:03:00+05:30,1938.9,1939.8,1938.0,1939.3,16093.0
2025-05-19 13:04:00+05:30,1939.0,1940.0,1938.9,1939.9,5417.0
2025-05-19 13:05:00+05:30,1940.0,1940.1,1940.0,1940.1,20204.0
2025-05-19 13:06:00+05:30,1940.0,1940.3,1939.7,1939.7,21004.0
2025-05-19 13:07:00+05:30,1939.9,1940.0,1938.7,1939.3,8993.0
2025-05-19 13:08:00+05:30,1939.3,1939.5,1938.1,1938.5,8734.0
2025-05-19 13:09:00+05:30,1938.2,1938.5,1937.7,1937.9,8137.0
2025-05-19 13:10:00+05:30,1937.7,1937.9,1936.7,1937.3,7452.0
2025-05-19 13:11:00+05:30,1937.3,1937.3,1936.5,1936.7,4641.0
2025-05-19 13:12:00+05:30,1936.6,1937.0,1936.0,1936.7,16922.0
2025-05-19 13:13:00+05:30,1936.7,1937.6,1936.5,1937.5,10215.0
2025-05-19 13:14:00+05:30,1937.5,1937.8,1936.9,1937.1,7243.0
2025-05-19 13:15:00+05:30,1937.0,1937.9,1937.0,1937.1,8311.0
2025-05-19 13:16:00+05:30,1937.0,1937.9,1937.0,1937.3,8056.0
2025-05-19 13:17:00+05:30,1937.7,1937.8,1936.7,1937.6,13254.0
2025-05-19 13:18:00+05:30,1936.9,1938.0,1936.9,1938.0,9876.0
2025-05-19 13:19:00+05:30,1938.0,1938.0,1936.5,1937.0,20464.0
2025-05-19 13:20:00+05:30,1937.0,1939.6,1936.9,1939.6,44081.0
2025-05-19 13:21:00+05:30,1939.5,1939.5,1938.8,1938.9,12048.0
2025-05-19 13:22:00+05:30,1938.8,1939.2,1938.8,1939.2,4378.0
2025-05-19 13:23:00+05:30,1939.3,1939.5,1939.3,1939.5,6413.0
2025-05-19 13:24:00+05:30,1939.4,1939.9,1939.4,1939.8,7973.0
2025-05-19 13:25:00+05:30,1939.8,1939.9,1938.4,1938.4,9653.0
2025-05-19 13:26:00+05:30,1938.5,1938.7,1938.1,1938.3,15173.0
2025-05-19 13:27:00+05:30,1938.2,1938.5,1936.5,1937.4,55414.0
2025-05-19 13:28:00+05:30,1937.4,1938.0,1937.0,1937.9,7290.0
2025-05-19 13:29:00+05:30,1937.9,1938.1,1937.0,1937.7,8016.0
2025-05-19 13:30:00+05:30,1937.7,1939.4,1937.7,1938.4,60771.0
2025-05-19 13:31:00+05:30,1938.2,1938.4,1938.2,1938.4,4510.0
2025-05-19 13:32:00+05:30,1938.4,1938.4,1938.0,1938.0,6503.0
2025-05-19 13:33:00+05:30,1937.6,1938.0,1937.1,1937.2,3991.0
2025-05-19 13:34:00+05:30,1937.2,1938.2,1936.7,1937.8,7941.0
2025-05-19 13:35:00+05:30,1938.0,1938.6,1937.5,1937.6,4431.0
2025-05-19 13:36:00+05:30,1937.7,1937.7,1936.7,1936.9,4942.0
2025-05-19 13:37:00+05:30,1936.7,1937.0,1936.6,1936.9,5490.0
2025-05-19 13:38:00+05:30,1937.0,1938.0,1936.9,1937.7,7261.0
2025-05-19 13:39:00+05:30,1937.9,1938.7,1937.3,1938.6,8896.0
2025-05-19 13:40:00+05:30,1938.4,1938.4,1937.8,1937.9,5385.0
2025-05-19 13:41:00+05:30,1937.8,1938.8,1937.8,1938.4,7850.0
2025-05-19 13:42:00+05:30,1938.0,1938.4,1937.2,1937.4,14250.0
2025-05-19 13:43:00+05:30,1937.5,1937.7,1936.8,1937.0,3911.0
2025-05-19 13:44:00+05:30,1936.7,1936.8,1936.4,1936.6,3749.0
2025-05-19 13:45:00+05:30,1936.6,1937.0,1935.9,1936.2,13652.0
2025-05-19 13:46:00+05:30,1936.2,1936.5,1934.7,1935.9,30207.0
2025-05-19 13:47:00+05:30,1935.9,1935.9,1935.6,1935.7,3881.0
2025-05-19 13:48:00+05:30,1935.6,1935.9,1935.0,1935.2,6399.0
2025-05-19 13:49:00+05:30,1935.2,1935.2,1934.3,1934.3,5991.0
2025-05-19 13:50:00+05:30,1935.0,1935.0,1934.4,1934.6,5115.0
2025-05-19 13:51:00+05:30,1934.7,1935.9,1934.6,1935.8,6770.0
2025-05-19 13:52:00+05:30,1935.6,1936.0,1934.7,1935.0,18282.0
2025-05-19 13:53:00+05:30,1935.7,1935.7,1934.4,1935.0,19422.0
2025-05-19 13:54:00+05:30,1934.9,1936.8,1934.9,1936.8,15392.0
2025-05-19 13:55:00+05:30,1936.7,1936.7,1935.5,1936.0,6610.0
2025-05-19 13:56:00+05:30,1935.9,1936.0,1935.0,1935.4,4110.0
2025-05-19 13:57:00+05:30,1935.3,1935.4,1935.0,1935.4,4670.0
2025-05-19 13:58:00+05:30,1935.4,1936.3,1935.0,1935.5,6890.0
2025-05-19 13:59:00+05:30,1935.5,1936.0,1935.0,1935.2,6544.0
2025-05-19 14:00:00+05:30,1935.4,1935.7,1933.4,1934.3,15121.0
2025-05-19 14:01:00+05:30,1933.7,1934.6,1933.4,1934.6,13516.0
2025-05-19 14:02:00+05:30,1934.4,1934.6,1933.5,1933.6,4505.0
2025-05-19 14:03:00+05:30,1933.6,1933.7,1933.0,1933.5,8264.0
2025-05-19 14:04:00+05:30,1933.4,1933.7,1932.9,1933.5,9598.0
2025-05-19 14:05:00+05:30,1933.3,1934.2,1932.9,1933.1,5305.0
2025-05-19 14:06:00+05:30,1933.1,1934.0,1932.3,1933.2,10276.0
2025-05-19 14:07:00+05:30,1933.2,1933.7,1932.3,1933.2,9330.0
2025-05-19 14:08:00+05:30,1933.2,1933.7,1932.4,1933.2,7602.0
2025-05-19 14:09:00+05:30,1933.1,1933.2,1932.6,1932.9,8896.0
2025-05-19 14:10:00+05:30,1932.7,1932.8,1932.3,1932.5,8787.0
2025-05-19 14:11:00+05:30,1932.4,1933.8,1932.4,1933.3,11925.0
2025-05-19 14:12:00+05:30,1933.3,1933.3,1931.6,1931.8,5980.0
2025-05-19 14:13:00+05:30,1931.7,1932.1,1931.0,1932.1,17714.0
2025-05-19 14:14:00+05:30,1932.0,1933.3,1932.0,1933.3,7181.0
2025-05-19 14:15:00+05:30,1933.1,1934.2,1933.1,1933.6,5832.0
2025-05-19 14:16:00+05:30,1933.5,1935.0,1933.5,1934.9,11558.0
2025-05-19 14:17:00+05:30,1934.6,1935.0,1933.9,1934.0,10339.0
2025-05-19 14:18:00+05:30,1933.9,1934.0,1933.6,1933.8,5405.0
2025-05-19 14:19:00+05:30,1933.7,1935.0,1933.5,1935.0,19471.0
2025-05-19 14:20:00+05:30,1934.8,1935.0,1934.1,1934.4,8090.0
2025-05-19 14:21:00+05:30,1934.4,1934.4,1933.3,1933.8,6633.0
2025-05-19 14:22:00+05:30,1933.8,1933.8,1933.5,1933.8,8051.0
2025-05-19 14:23:00+05:30,1933.8,1934.3,1933.5,1933.6,3989.0
2025-05-19 14:24:00+05:30,1933.6,1933.7,1933.5,1933.7,10503.0
2025-05-19 14:25:00+05:30,1933.9,1934.3,1933.6,1933.7,8157.0
2025-05-19 14:26:00+05:30,1933.6,1934.9,1933.5,1934.9,13235.0
2025-05-19 14:27:00+05:30,1934.8,1935.0,1933.5,1934.0,12439.0
2025-05-19 14:28:00+05:30,1933.9,1934.0,1933.4,1933.8,8664.0
2025-05-19 14:29:00+05:30,1933.7,1934.7,1933.6,1934.1,7855.0
2025-05-19 14:30:00+05:30,1934.7,1934.7,1933.9,1934.6,5312.0
2025-05-19 14:31:00+05:30,1934.5,1935.0,1934.4,1935.0,12040.0
2025-05-19 14:32:00+05:30,1935.0,1935.0,1934.3,1934.7,14890.0
2025-05-19 14:33:00+05:30,1934.7,1935.8,1934.7,1935.8,10481.0
2025-05-19 14:34:00+05:30,1935.3,1936.9,1935.3,1935.7,10800.0
2025-05-19 14:35:00+05:30,1935.7,1936.4,1935.7,1936.1,7430.0
2025-05-19 14:36:00+05:30,1935.8,1936.7,1935.6,1936.4,11865.0
2025-05-19 14:37:00+05:30,1936.6,1936.8,1935.9,1936.2,8296.0
2025-05-19 14:38:00+05:30,1936.0,1936.4,1935.1,1935.9,15808.0
2025-05-19 14:39:00+05:30,1935.8,1936.0,1935.0,1935.4,14696.0
2025-05-19 14:40:00+05:30,1935.6,1935.9,1935.3,1935.3,10708.0
2025-05-19 14:41:00+05:30,1935.3,1935.9,1934.7,1935.2,16756.0
2025-05-19 14:42:00+05:30,1935.2,1935.8,1935.2,1935.5,11437.0
2025-05-19 14:43:00+05:30,1935.4,1935.6,1935.0,1935.2,7453.0
2025-05-19 14:44:00+05:30,1935.1,1935.1,1934.6,1934.8,11990.0
2025-05-19 14:45:00+05:30,1935.0,1935.0,1934.5,1934.6,8192.0
2025-05-19 14:46:00+05:30,1934.6,1935.0,1934.4,1935.0,9535.0
2025-05-19 14:47:00+05:30,1934.9,1935.0,1933.8,1934.1,7886.0
2025-05-19 14:48:00+05:30,1934.1,1934.2,1932.4,1934.0,17641.0
2025-05-19 14:49:00+05:30,1934.1,1934.7,1933.5,1933.5,8161.0
2025-05-19 14:50:00+05:30,1933.8,1934.0,1933.1,1934.0,8634.0
2025-05-19 14:51:00+05:30,1934.0,1934.0,1933.5,1933.8,5949.0
2025-05-19 14:52:00+05:30,1933.8,1934.0,1933.4,1933.5,7672.0
2025-05-19 14:53:00+05:30,1933.5,1933.9,1933.2,1933.8,7752.0
2025-05-19 14:54:00+05:30,1933.8,1934.7,1933.7,1934.4,11173.0
2025-05-19 14:55:00+05:30,1934.8,1935.0,1933.8,1933.8,33685.0
2025-05-19 14:56:00+05:30,1934.0,1934.1,1933.6,1934.1,13056.0
2025-05-19 14:57:00+05:30,1934.1,1935.0,1933.9,1934.9,7620.0
2025-05-19 14:58:00+05:30,1934.6,1935.0,1934.6,1934.8,10721.0
2025-05-19 14:59:00+05:30,1935.0,1935.0,1934.4,1935.0,14735.0
2025-05-19 15:00:00+05:30,1935.0,1935.0,1934.9,1934.9,68265.0
2025-05-19 15:01:00+05:30,1935.0,1938.8,1934.9,1938.8,74609.0
2025-05-19 15:02:00+05:30,1938.7,1939.5,1938.3,1939.4,55207.0
2025-05-19 15:03:00+05:30,1939.3,1939.6,1939.1,1939.3,58078.0
2025-05-19 15:04:00+05:30,1939.4,1939.4,1937.4,1937.9,43856.0
2025-05-19 15:05:00+05:30,1938.0,1940.0,1937.9,1939.5,80314.0
2025-05-19 15:06:00+05:30,1939.5,1940.4,1938.7,1940.4,49082.0
2025-05-19 15:07:00+05:30,1940.4,1940.8,1940.3,1940.5,43107.0
2025-05-19 15:08:00+05:30,1940.4,1940.5,1938.1,1938.5,61056.0
2025-05-19 15:09:00+05:30,1938.5,1938.5,1938.4,1938.5,32601.0
2025-05-19 15:10:00+05:30,1938.5,1939.5,1938.4,1938.9,52937.0
2025-05-19 15:11:00+05:30,1939.0,1939.0,1938.7,1938.8,45863.0
2025-05-19 15:12:00+05:30,1938.9,1938.9,1938.3,1938.3,47759.0
2025-05-19 15:13:00+05:30,1938.4,1938.5,1937.6,1937.6,40885.0
2025-05-19 15:14:00+05:30,1937.3,1938.0,1937.3,1938.0,37978.0
2025-05-19 15:15:00+05:30,1938.0,1938.5,1937.9,1938.4,47025.0
2025-05-19 15:16:00+05:30,1938.4,1939.8,1938.4,1939.3,47559.0
2025-05-19 15:17:00+05:30,1939.4,1939.9,1939.3,1939.9,37152.0
2025-05-19 15:18:00+05:30,1939.8,1939.9,1939.3,1939.4,59144.0
2025-05-19 15:19:00+05:30,1939.5,1939.5,1939.0,1939.0,34014.0
2025-05-19 15:20:00+05:30,1939.0,1939.4,1939.0,1939.4,47648.0
2025-05-19 15:21:00+05:30,1939.4,1939.5,1939.2,1939.5,42285.0
2025-05-19 15:22:00+05:30,1939.5,1939.7,1939.2,1939.4,48614.0
2025-05-19 15:23:00+05:30,1939.4,1939.4,1938.9,1939.0,41373.0
2025-05-19 15:24:00+05:30,1939.0,1939.4,1938.9,1939.2,44616.0
2025-05-19 15:25:00+05:30,1939.2,1940.4,1939.2,1940.3,75931.0
2025-05-19 15:26:00+05:30,1940.2,1940.5,1939.2,1939.2,42238.0
2025-05-19 15:27:00+05:30,1939.2,1939.8,1939.2,1939.2,38198.0
2025-05-19 15:28:00+05:30,1938.5,1939.4,1937.0,1937.2,42606.0
2025-05-19 15:29:00+05:30,1937.2,1939.0,1937.1,1938.0,6514.0
2025-05-20 09:15:00+05:30,1928.1,1934.4,1928.1,1929.4,515874.0
2025-05-20 09:16:00+05:30,1929.4,1934.6,1929.4,1932.3,213488.0
2025-05-20 09:17:00+05:30,1932.4,1932.4,1929.1,1929.6,84246.0
2025-05-20 09:18:00+05:30,1929.4,1932.0,1929.2,1931.5,69022.0
2025-05-20 09:19:00+05:30,1931.4,1931.9,1930.1,1930.9,67155.0
2025-05-20 09:20:00+05:30,1930.9,1931.2,1929.2,1929.2,78005.0
2025-05-20 09:21:00+05:30,1929.8,1930.5,1929.2,1930.3,38633.0
2025-05-20 09:22:00+05:30,1930.2,1930.3,1927.0,1929.3,107387.0
2025-05-20 09:23:00+05:30,1929.2,1931.5,1928.8,1929.9,123037.0
2025-05-20 09:24:00+05:30,1929.5,1929.5,1927.4,1927.6,22707.0
2025-05-20 09:25:00+05:30,1927.7,1927.7,1925.3,1926.3,22937.0
2025-05-20 09:26:00+05:30,1926.3,1926.4,1925.0,1925.6,14737.0
2025-05-20 09:27:00+05:30,1925.6,1926.1,1924.1,1925.0,19896.0
2025-05-20 09:28:00+05:30,1925.0,1925.2,1922.6,1922.8,15295.0
2025-05-20 09:29:00+05:30,1923.0,1923.0,1921.5,1922.0,17020.0
2025-05-20 09:30:00+05:30,1922.0,1923.6,1921.0,1921.8,32853.0
2025-05-20 09:31:00+05:30,1921.8,1923.3,1921.5,1922.9,11463.0
2025-05-20 09:32:00+05:30,1922.9,1923.1,1922.5,1922.8,10629.0
2025-05-20 09:33:00+05:30,1922.8,1923.5,1922.8,1923.1,14756.0
2025-05-20 09:34:00+05:30,1923.0,1923.5,1922.1,1923.2,13047.0
2025-05-20 09:35:00+05:30,1923.2,1923.4,1922.3,1923.4,9328.0
2025-05-20 09:36:00+05:30,1923.4,1923.4,1922.1,1922.9,11041.0
2025-05-20 09:37:00+05:30,1922.8,1923.9,1922.5,1923.4,13408.0
2025-05-20 09:38:00+05:30,1923.5,1923.9,1923.0,1923.0,7107.0
2025-05-20 09:39:00+05:30,1923.2,1924.0,1923.1,1923.4,12205.0
2025-05-20 09:40:00+05:30,1923.4,1923.4,1921.0,1921.0,18030.0
2025-05-20 09:41:00+05:30,1921.0,1921.5,1919.1,1919.4,26985.0
2025-05-20 09:42:00+05:30,1919.6,1919.9,1918.1,1918.8,21536.0
2025-05-20 09:43:00+05:30,1919.0,1919.8,1918.8,1919.2,13869.0
2025-05-20 09:44:00+05:30,1918.9,1919.5,1918.1,1918.4,12783.0
2025-05-20 09:45:00+05:30,1918.4,1918.4,1916.5,1918.3,47208.0
2025-05-20 09:46:00+05:30,1918.1,1919.6,1917.0,1919.5,56305.0
2025-05-20 09:47:00+05:30,1918.7,1919.4,1917.9,1918.2,16130.0
2025-05-20 09:48:00+05:30,1918.2,1918.5,1918.1,1918.3,9180.0
2025-05-20 09:49:00+05:30,1918.1,1918.1,1917.3,1917.9,19825.0
2025-05-20 09:50:00+05:30,1917.7,1917.9,1916.3,1917.6,101060.0
2025-05-20 09:51:00+05:30,1917.5,1918.0,1917.4,1917.8,6187.0
2025-05-20 09:52:00+05:30,1917.8,1918.0,1916.8,1916.8,9832.0
2025-05-20 09:53:00+05:30,1916.8,1916.9,1916.0,1916.3,12405.0
2025-05-20 09:54:00+05:30,1916.6,1917.5,1916.3,1917.1,8178.0
2025-05-20 09:55:00+05:30,1917.4,1918.5,1916.9,1918.4,13706.0
2025-05-20 09:56:00+05:30,1917.6,1918.5,1917.5,1918.5,14951.0
2025-05-20 09:57:00+05:30,1918.5,1918.7,1917.7,1917.7,11229.0
2025-05-20 09:58:00+05:30,1918.3,1918.3,1917.4,1917.4,7871.0
2025-05-20 09:59:00+05:30,1917.4,1917.7,1916.2,1917.3,31210.0
2025-05-20 10:00:00+05:30,1916.6,1917.3,1916.5,1916.8,6869.0
2025-05-20 10:01:00+05:30,1916.5,1917.5,1916.2,1916.5,19150.0
2025-05-20 10:02:00+05:30,1916.5,1916.5,1916.0,1916.3,9685.0
2025-05-20 10:03:00+05:30,1916.1,1916.1,1915.5,1916.0,13171.0
2025-05-20 10:04:00+05:30,1916.0,1916.6,1915.5,1916.2,7000.0
2025-05-20 10:05:00+05:30,1915.9,1916.9,1915.9,1916.3,11621.0
2025-05-20 10:06:00+05:30,1916.7,1917.2,1916.1,1917.2,20034.0
2025-05-20 10:07:00+05:30,1917.2,1917.8,1917.0,1917.5,7267.0
2025-05-20 10:08:00+05:30,1917.8,1917.9,1916.9,1917.4,6156.0
2025-05-20 10:09:00+05:30,1917.2,1917.2,1916.1,1916.8,9316.0
2025-05-20 10:10:00+05:30,1916.8,1917.0,1916.3,1916.5,7155.0
2025-05-20 10:11:00+05:30,1916.5,1917.6,1916.5,1917.1,13986.0
2025-05-20 10:12:00+05:30,1916.8,1917.1,1916.5,1916.8,8601.0
2025-05-20 10:13:00+05:30,1916.8,1916.8,1916.3,1916.7,5617.0
2025-05-20 10:14:00+05:30,1916.7,1917.4,1916.5,1917.3,11549.0
2025-05-20 10:15:00+05:30,1917.3,1918.1,1917.1,1918.0,15642.0
2025-05-20 10:16:00+05:30,1918.0,1918.2,1917.5,1918.0,7242.0
2025-05-20 10:17:00+05:30,1918.0,1918.2,1917.4,1918.0,7796.0
2025-05-20 10:18:00+05:30,1917.5,1918.0,1917.1,1917.8,5552.0
2025-05-20 10:19:00+05:30,1917.2,1918.6,1917.1,1918.0,18408.0
2025-05-20 10:20:00+05:30,1917.9,1918.4,1917.7,1918.4,6374.0
2025-05-20 10:21:00+05:30,1918.1,1918.1,1917.5,1917.5,3783.0
2025-05-20 10:22:00+05:30,1917.8,1917.8,1916.5,1917.1,18338.0
2025-05-20 10:23:00+05:30,1917.1,1917.8,1917.0,1917.5,5447.0
2025-05-20 10:24:00+05:30,1917.5,1917.9,1917.0,1917.8,5769.0
2025-05-20 10:25:00+05:30,1917.8,1917.8,1917.0,1917.5,4221.0
2025-05-20 10:26:00+05:30,1917.5,1917.9,1917.0,1917.5,6046.0
2025-05-20 10:27:00+05:30,1917.5,1918.2,1917.4,1918.2,18465.0
2025-05-20 10:28:00+05:30,1917.8,1920.4,1917.8,1920.3,30490.0
2025-05-20 10:29:00+05:30,1920.0,1920.3,1919.3,1919.6,6500.0
2025-05-20 10:30:00+05:30,1919.6,1920.3,1919.5,1919.7,11015.0
2025-05-20 10:31:00+05:30,1919.7,1920.4,1919.7,1920.0,37861.0
2025-05-20 10:32:00+05:30,1920.2,1920.2,1918.7,1919.1,8242.0
2025-05-20 10:33:00+05:30,1919.1,1919.1,1918.3,1919.0,9687.0
2025-05-20 10:34:00+05:30,1918.4,1919.4,1918.4,1918.9,10878.0
2025-05-20 10:35:00+05:30,1919.0,1920.3,1919.0,1919.7,8723.0
2025-05-20 10:36:00+05:30,1919.7,1921.5,1919.5,1921.4,12496.0
2025-05-20 10:37:00+05:30,1921.6,1921.7,1920.2,1920.8,10683.0
2025-05-20 10:38:00+05:30,1920.2,1921.0,1920.1,1920.6,6595.0
2025-05-20 10:39:00+05:30,1920.6,1921.7,1920.6,1921.4,9776.0
2025-05-20 10:40:00+05:30,1921.2,1922.5,1921.1,1921.2,13292.0
2025-05-20 10:41:00+05:30,1921.3,1921.8,1920.1,1920.1,6319.0
2025-05-20 10:42:00+05:30,1920.2,1921.4,1920.1,1921.0,9217.0
2025-05-20 10:43:00+05:30,1921.1,1921.7,1920.7,1921.0,9009.0
2025-05-20 10:44:00+05:30,1921.0,1921.7,1920.7,1921.0,5030.0
2025-05-20 10:45:00+05:30,1920.8,1923.0,1920.8,1923.0,19946.0
2025-05-20 10:46:00+05:30,1923.0,1924.0,1922.7,1923.5,17977.0
2025-05-20 10:47:00+05:30,1923.3,1923.9,1921.6,1922.0,14422.0
2025-05-20 10:48:00+05:30,1922.0,1922.9,1922.0,1922.5,6618.0
2025-05-20 10:49:00+05:30,1922.5,1923.0,1922.2,1922.8,6634.0
2025-05-20 10:50:00+05:30,1922.8,1923.2,1922.3,1922.9,8630.0
2025-05-20 10:51:00+05:30,1922.9,1923.0,1922.3,1922.5,3990.0
2025-05-20 10:52:00+05:30,1922.5,1923.0,1922.3,1922.5,5071.0
2025-05-20 10:53:00+05:30,1922.5,1922.6,1921.2,1922.2,8464.0
2025-05-20 10:54:00+05:30,1922.2,1922.4,1921.5,1921.7,4629.0
2025-05-20 10:55:00+05:30,1921.5,1921.9,1920.1,1920.3,7311.0
2025-05-20 10:56:00+05:30,1920.3,1920.7,1920.0,1920.3,9821.0
2025-05-20 10:57:00+05:30,1920.2,1920.5,1920.1,1920.4,4610.0
2025-05-20 10:58:00+05:30,1920.3,1920.4,1920.0,1920.0,10582.0
2025-05-20 10:59:00+05:30,1920.0,1920.8,1919.9,1920.5,9332.0
2025-05-20 11:00:00+05:30,1920.5,1921.5,1920.5,1921.2,9411.0
2025-05-20 11:01:00+05:30,1921.0,1921.1,1920.1,1920.2,4305.0
2025-05-20 11:02:00+05:30,1920.2,1920.8,1919.9,1920.1,5327.0
2025-05-20 11:03:00+05:30,1920.1,1920.4,1919.0,1919.3,10128.0
2025-05-20 11:04:00+05:30,1919.6,1920.1,1919.1,1919.8,9520.0
2025-05-20 11:05:00+05:30,1920.0,1920.7,1919.8,1920.0,8588.0
2025-05-20 11:06:00+05:30,1920.0,1920.8,1919.7,1920.8,7716.0
2025-05-20 11:07:00+05:30,1920.8,1921.0,1920.4,1920.6,4768.0
2025-05-20 11:08:00+05:30,1920.6,1920.6,1920.0,1920.2,9645.0
2025-05-20 11:09:00+05:30,1920.2,1921.0,1919.7,1920.0,10636.0
2025-05-20 11:10:00+05:30,1920.0,1920.2,1919.0,1919.6,5876.0
2025-05-20 11:11:00+05:30,1919.6,1919.7,1919.0,1919.6,5461.0
2025-05-20 11:12:00+05:30,1919.5,1919.9,1919.0,1919.8,6077.0
2025-05-20 11:13:00+05:30,1919.8,1920.3,1919.1,1919.9,5581.0
2025-05-20 11:14:00+05:30,1919.9,1921.0,1919.9,1920.5,7172.0
2025-05-20 11:15:00+05:30,1920.4,1920.4,1919.0,1919.7,7407.0
2025-05-20 11:16:00+05:30,1919.7,1920.1,1919.0,1919.1,6231.0
2025-05-20 11:17:00+05:30,1919.1,1919.2,1918.6,1918.8,6462.0
2025-05-20 11:18:00+05:30,1918.8,1918.8,1918.1,1918.6,6319.0
2025-05-20 11:19:00+05:30,1918.6,1919.1,1918.3,1919.0,5700.0
2025-05-20 11:20:00+05:30,1918.6,1919.2,1918.4,1918.5,5215.0
2025-05-20 11:21:00+05:30,1918.5,1918.5,1918.0,1918.2,4837.0
2025-05-20 11:22:00+05:30,1918.2,1918.5,1917.8,1918.3,8199.0
2025-05-20 11:23:00+05:30,1918.1,1918.7,1917.8,1918.5,6810.0
2025-05-20 11:24:00+05:30,1918.5,1918.9,1918.1,1918.1,4908.0
2025-05-20 11:25:00+05:30,1918.3,1918.9,1918.3,1918.8,4638.0
2025-05-20 11:26:00+05:30,1918.8,1919.1,1918.2,1918.7,12585.0
2025-05-20 11:27:00+05:30,1918.7,1918.7,1917.0,1917.8,18136.0
2025-05-20 11:28:00+05:30,1917.6,1917.9,1916.5,1917.0,17621.0
2025-05-20 11:29:00+05:30,1917.0,1917.8,1916.8,1917.0,9805.0
2025-05-20 11:30:00+05:30,1917.0,1917.6,1916.5,1916.9,12617.0
2025-05-20 11:31:00+05:30,1916.9,1917.6,1916.6,1916.6,10489.0
2025-05-20 11:32:00+05:30,1916.8,1917.4,1916.5,1917.2,5273.0
2025-05-20 11:33:00+05:30,1917.2,1917.7,1916.9,1917.7,9610.0
2025-05-20 11:34:00+05:30,1917.6,1917.8,1917.0,1917.2,10095.0
2025-05-20 11:35:00+05:30,1917.3,1917.8,1916.9,1917.1,7371.0
2025-05-20 11:36:00+05:30,1917.2,1917.9,1916.8,1917.3,11809.0
2025-05-20 11:37:00+05:30,1917.0,1917.0,1916.4,1916.5,11269.0
2025-05-20 11:38:00+05:30,1916.5,1917.0,1916.4,1916.8,6637.0
2025-05-20 11:39:00+05:30,1916.8,1917.0,1916.5,1916.5,5648.0
2025-05-20 11:40:00+05:30,1916.9,1917.0,1916.3,1916.5,8357.0
2025-05-20 11:41:00+05:30,1916.5,1917.0,1916.5,1916.9,8430.0
2025-05-20 11:42:00+05:30,1916.7,1916.7,1916.0,1916.5,9230.0
2025-05-20 11:43:00+05:30,1916.5,1916.7,1916.2,1916.3,6825.0
2025-05-20 11:44:00+05:30,1916.3,1916.9,1916.2,1916.8,5108.0
2025-05-20 11:45:00+05:30,1916.7,1917.0,1916.3,1916.4,4501.0
2025-05-20 11:46:00+05:30,1916.4,1917.0,1916.4,1916.9,15634.0
2025-05-20 11:47:00+05:30,1917.0,1917.1,1916.7,1917.1,9624.0
2025-05-20 11:48:00+05:30,1917.1,1917.2,1916.5,1916.6,6049.0
2025-05-20 11:49:00+05:30,1916.6,1917.2,1916.4,1917.2,6786.0
2025-05-20 11:50:00+05:30,1917.2,1918.0,1916.9,1917.6,6648.0
2025-05-20 11:51:00+05:30,1917.8,1918.6,1917.6,1918.5,8102.0
2025-05-20 11:52:00+05:30,1918.5,1918.7,1917.1,1917.3,8906.0
2025-05-20 11:53:00+05:30,1917.4,1917.7,1916.6,1917.7,8425.0
2025-05-20 11:54:00+05:30,1917.7,1919.3,1917.4,1919.2,9855.0
2025-05-20 11:55:00+05:30,1919.2,1919.2,1918.4,1918.6,4299.0
2025-05-20 11:56:00+05:30,1918.8,1919.0,1917.6,1918.4,7977.0
2025-05-20 11:57:00+05:30,1918.4,1918.7,1917.7,1918.6,5745.0
2025-05-20 11:58:00+05:30,1918.2,1919.1,1918.1,1918.1,9455.0
2025-05-20 11:59:00+05:30,1918.2,1918.8,1917.6,1918.2,3709.0
2025-05-20 12:00:00+05:30,1917.9,1918.5,1917.5,1917.7,7619.0
2025-05-20 12:01:00+05:30,1917.7,1918.7,1917.3,1917.3,6892.0
2025-05-20 12:02:00+05:30,1917.5,1918.4,1917.3,1918.1,5567.0
2025-05-20 12:03:00+05:30,1918.1,1919.0,1918.1,1918.6,5759.0
2025-05-20 12:04:00+05:30,1918.6,1918.8,1918.0,1918.8,7666.0
2025-05-20 12:05:00+05:30,1918.8,1919.0,1918.3,1918.6,4874.0
2025-05-20 12:06:00+05:30,1918.7,1919.1,1918.6,1919.1,12497.0
2025-05-20 12:07:00+05:30,1919.1,1919.1,1918.9,1919.0,4318.0
2025-05-20 12:08:00+05:30,1919.0,1919.4,1918.8,1919.3,8022.0
2025-05-20 12:09:00+05:30,1919.4,1919.4,1918.6,1919.0,6447.0
2025-05-20 12:10:00+05:30,1919.1,1919.2,1917.8,1918.2,16098.0
2025-05-20 12:11:00+05:30,1918.0,1918.0,1917.5,1917.9,6359.0
2025-05-20 12:12:00+05:30,1917.9,1918.5,1917.0,1917.6,9366.0
2025-05-20 12:13:00+05:30,1917.3,1917.7,1917.1,1917.3,10312.0
2025-05-20 12:14:00+05:30,1917.9,1918.0,1917.3,1917.3,9998.0
2025-05-20 12:15:00+05:30,1917.8,1918.1,1917.3,1917.7,14035.0
2025-05-20 12:16:00+05:30,1917.7,1918.5,1917.3,1918.3,10665.0
2025-05-20 12:17:00+05:30,1918.3,1918.9,1917.9,1918.9,10951.0
2025-05-20 12:18:00+05:30,1918.8,1919.4,1918.5,1918.6,9896.0
2025-05-20 12:19:00+05:30,1918.6,1919.3,1918.4,1918.6,7940.0
2025-05-20 12:20:00+05:30,1918.6,1919.5,1918.4,1919.5,7567.0
2025-05-20 12:21:00+05:30,1919.0,1919.4,1918.5,1918.8,7244.0
2025-05-20 12:22:00+05:30,1918.8,1919.5,1918.7,1919.2,8100.0
2025-05-20 12:23:00+05:30,1919.2,1919.9,1919.2,1919.3,13113.0
2025-05-20 12:24:00+05:30,1919.3,1919.5,1919.0,1919.1,7175.0
2025-05-20 12:25:00+05:30,1919.2,1919.9,1919.0,1919.0,10848.0
2025-05-20 12:26:00+05:30,1918.8,1919.4,1918.6,1919.2,14064.0
2025-05-20 12:27:00+05:30,1918.8,1919.2,1918.5,1919.2,5752.0
2025-05-20 12:28:00+05:30,1919.2,1919.4,1918.7,1918.9,8137.0
2025-05-20 12:29:00+05:30,1918.9,1918.9,1918.2,1918.9,8101.0
2025-05-20 12:30:00+05:30,1918.9,1920.0,1918.0,1919.9,30269.0
2025-05-20 12:31:00+05:30,1919.9,1919.9,1918.4,1919.1,24911.0
2025-05-20 12:32:00+05:30,1919.1,1919.2,1918.2,1918.6,15691.0
2025-05-20 12:33:00+05:30,1918.1,1919.5,1918.1,1919.0,15692.0
2025-05-20 12:34:00+05:30,1919.6,1920.0,1918.5,1920.0,28769.0
2025-05-20 12:35:00+05:30,1919.9,1920.0,1918.6,1918.7,14214.0
2025-05-20 12:36:00+05:30,1918.7,1919.9,1918.7,1919.9,19263.0
2025-05-20 12:37:00+05:30,1919.9,1920.0,1918.5,1919.1,14976.0
2025-05-20 12:38:00+05:30,1919.1,1919.2,1917.5,1917.6,12298.0
2025-05-20 12:39:00+05:30,1917.6,1918.5,1917.4,1917.5,11487.0
2025-05-20 12:40:00+05:30,1918.2,1918.4,1917.4,1917.4,9705.0
2025-05-20 12:41:00+05:30,1917.4,1918.0,1917.2,1917.4,12351.0
2025-05-20 12:42:00+05:30,1917.8,1918.5,1917.4,1918.4,10847.0
2025-05-20 12:43:00+05:30,1917.9,1918.4,1917.5,1917.5,19810.0
2025-05-20 12:44:00+05:30,1917.6,1918.2,1917.1,1918.0,22288.0
2025-05-20 12:45:00+05:30,1917.7,1919.0,1917.6,1918.7,12641.0
2025-05-20 12:46:00+05:30,1918.7,1918.7,1917.9,1918.1,13363.0
2025-05-20 12:47:00+05:30,1918.1,1919.0,1917.8,1918.3,12543.0
2025-05-20 12:48:00+05:30,1918.3,1918.8,1916.8,1916.8,37420.0
2025-05-20 12:49:00+05:30,1917.9,1917.9,1916.2,1916.4,29632.0
2025-05-20 12:50:00+05:30,1916.6,1917.8,1916.2,1916.9,16891.0
2025-05-20 12:51:00+05:30,1916.9,1917.6,1916.2,1916.3,26803.0
2025-05-20 12:52:00+05:30,1916.3,1916.4,1915.2,1916.0,50929.0
2025-05-20 12:53:00+05:30,1916.0,1916.9,1915.6,1916.3,22602.0
2025-05-20 12:54:00+05:30,1916.0,1916.9,1915.9,1916.5,17545.0
2025-05-20 12:55:00+05:30,1916.3,1916.9,1916.2,1916.3,25369.0
2025-05-20 12:56:00+05:30,1916.3,1916.9,1915.5,1916.0,31251.0
2025-05-20 12:57:00+05:30,1916.1,1917.0,1915.6,1915.8,37570.0
2025-05-20 12:58:00+05:30,1915.6,1916.3,1913.7,1914.3,54813.0
2025-05-20 12:59:00+05:30,1914.3,1914.5,1913.6,1914.5,37551.0
2025-05-20 13:00:00+05:30,1914.7,1915.4,1914.5,1914.9,19550.0
2025-05-20 13:01:00+05:30,1914.7,1915.3,1914.5,1914.6,18143.0
2025-05-20 13:02:00+05:30,1914.6,1915.0,1913.8,1914.5,19990.0
2025-05-20 13:03:00+05:30,1914.4,1914.8,1914.0,1914.2,19592.0
2025-05-20 13:04:00+05:30,1914.1,1915.5,1914.0,1914.9,30704.0
2025-05-20 13:05:00+05:30,1914.6,1915.0,1914.5,1914.9,23759.0
2025-05-20 13:06:00+05:30,1914.9,1915.5,1914.5,1915.2,17405.0
2025-05-20 13:07:00+05:30,1915.2,1915.6,1914.8,1915.6,17042.0
2025-05-20 13:08:00+05:30,1915.5,1916.2,1914.1,1914.4,35611.0
2025-05-20 13:09:00+05:30,1914.4,1915.5,1914.0,1914.9,37185.0
2025-05-20 13:10:00+05:30,1915.0,1915.5,1914.3,1915.4,14801.0
2025-05-20 13:11:00+05:30,1915.3,1916.4,1915.3,1915.8,15668.0
2025-05-20 13:12:00+05:30,1915.6,1916.0,1915.0,1915.5,27410.0
2025-05-20 13:13:00+05:30,1915.5,1916.1,1914.6,1914.7,23200.0
2025-05-20 13:14:00+05:30,1914.8,1914.8,1913.8,1914.3,15052.0
2025-05-20 13:15:00+05:30,1914.0,1914.3,1913.6,1914.0,13982.0
2025-05-20 13:16:00+05:30,1913.9,1914.3,1913.5,1914.0,21633.0
2025-05-20 13:17:00+05:30,1914.0,1914.6,1913.6,1914.5,10904.0
2025-05-20 13:18:00+05:30,1914.1,1914.5,1913.0,1913.6,25733.0
2025-05-20 13:19:00+05:30,1913.6,1914.1,1913.1,1913.8,12724.0
2025-05-20 13:20:00+05:30,1913.7,1914.4,1913.6,1913.9,13061.0
2025-05-20 13:21:00+05:30,1913.9,1914.8,1913.9,1914.7,11442.0
2025-05-20 13:22:00+05:30,1914.6,1915.5,1913.7,1914.0,18698.0
2025-05-20 13:23:00+05:30,1914.0,1914.7,1913.8,1914.4,16088.0
2025-05-20 13:24:00+05:30,1914.3,1914.8,1914.0,1914.4,26252.0
2025-05-20 13:25:00+05:30,1914.6,1914.8,1914.2,1914.6,12927.0
2025-05-20 13:26:00+05:30,1914.6,1915.6,1914.6,1915.4,18792.0
2025-05-20 13:27:00+05:30,1915.4,1915.7,1914.9,1915.2,23683.0
2025-05-20 13:28:00+05:30,1915.2,1915.7,1915.1,1915.7,12648.0
2025-05-20 13:29:00+05:30,1915.6,1916.0,1915.0,1915.1,21130.0
2025-05-20 13:30:00+05:30,1915.1,1915.8,1914.4,1915.3,26209.0
2025-05-20 13:31:00+05:30,1915.3,1915.9,1915.0,1915.0,15836.0
2025-05-20 13:32:00+05:30,1915.0,1915.5,1914.6,1915.2,13048.0
2025-05-20 13:33:00+05:30,1915.0,1915.9,1914.6,1915.5,21941.0
2025-05-20 13:34:00+05:30,1915.5,1916.0,1915.0,1915.9,28713.0
2025-05-20 13:35:00+05:30,1915.7,1915.9,1914.7,1914.9,26464.0
2025-05-20 13:36:00+05:30,1915.5,1916.7,1915.3,1916.0,27710.0
2025-05-20 13:37:00+05:30,1916.0,1917.0,1915.9,1916.9,27153.0
2025-05-20 13:38:00+05:30,1916.8,1917.6,1916.6,1917.1,27519.0
2025-05-20 13:39:00+05:30,1916.8,1917.4,1916.8,1917.3,54851.0
2025-05-20 13:40:00+05:30,1917.2,1918.4,1917.2,1917.2,22985.0
2025-05-20 13:41:00+05:30,1917.2,1917.6,1916.4,1917.1,35009.0
2025-05-20 13:42:00+05:30,1916.9,1917.3,1916.0,1917.1,25756.0
2025-05-20 13:43:00+05:30,1917.1,1917.3,1916.1,1916.5,22132.0
2025-05-20 13:44:00+05:30,1916.5,1917.0,1916.2,1917.0,38629.0
2025-05-20 13:45:00+05:30,1916.9,1917.3,1916.8,1916.9,22347.0
2025-05-20 13:46:00+05:30,1916.8,1917.3,1916.6,1917.3,27078.0
2025-05-20 13:47:00+05:30,1917.3,1918.2,1916.9,1916.9,18597.0
2025-05-20 13:48:00+05:30,1917.2,1917.5,1916.3,1917.1,26766.0
2025-05-20 13:49:00+05:30,1916.5,1917.6,1916.2,1917.6,24415.0
2025-05-20 13:50:00+05:30,1917.0,1917.9,1916.8,1916.8,19240.0
2025-05-20 13:51:00+05:30,1916.8,1918.2,1916.8,1918.2,13108.0
2025-05-20 13:52:00+05:30,1918.2,1918.2,1917.9,1918.2,15366.0
2025-05-20 13:53:00+05:30,1918.2,1918.4,1917.5,1917.7,13893.0
2025-05-20 13:54:00+05:30,1917.7,1917.7,1917.3,1917.7,28616.0
2025-05-20 13:55:00+05:30,1917.7,1918.2,1917.2,1917.4,13724.0
2025-05-20 13:56:00+05:30,1917.2,1917.4,1917.0,1917.3,11964.0
2025-05-20 13:57:00+05:30,1917.3,1917.7,1917.3,1917.5,19714.0
2025-05-20 13:58:00+05:30,1917.4,1918.6,1916.8,1917.0,27097.0
2025-05-20 13:59:00+05:30,1917.0,1918.0,1917.0,1917.8,13868.0
2025-05-20 14:00:00+05:30,1917.7,1917.8,1916.9,1917.3,17866.0
2025-05-20 14:01:00+05:30,1917.3,1917.3,1916.8,1916.9,28829.0
2025-05-20 14:02:00+05:30,1916.9,1917.5,1916.6,1917.0,11739.0
2025-05-20 14:03:00+05:30,1917.0,1917.0,1916.4,1916.7,29039.0
2025-05-20 14:04:00+05:30,1916.9,1917.9,1916.9,1917.5,19784.0
2025-05-20 14:05:00+05:30,1917.5,1917.5,1916.4,1916.7,21309.0
2025-05-20 14:06:00+05:30,1916.3,1916.8,1916.0,1916.4,10870.0
2025-05-20 14:07:00+05:30,1916.3,1916.8,1915.6,1916.7,25219.0
2025-05-20 14:08:00+05:30,1916.7,1916.9,1916.5,1916.6,14240.0
2025-05-20 14:09:00+05:30,1916.6,1917.5,1916.2,1917.5,18458.0
2025-05-20 14:10:00+05:30,1917.5,1917.5,1917.1,1917.2,24908.0
2025-05-20 14:11:00+05:30,1917.1,1917.5,1916.7,1917.4,26370.0
2025-05-20 14:12:00+05:30,1917.4,1917.8,1917.1,1917.7,24809.0
2025-05-20 14:13:00+05:30,1917.8,1918.0,1917.8,1917.8,15038.0
2025-05-20 14:14:00+05:30,1917.8,1918.4,1917.7,1918.3,14391.0
2025-05-20 14:15:00+05:30,1918.3,1918.4,1918.0,1918.1,18144.0
2025-05-20 14:16:00+05:30,1918.1,1918.8,1917.6,1917.7,39048.0
2025-05-20 14:17:00+05:30,1917.6,1918.9,1917.2,1917.3,32942.0
2025-05-20 14:18:00+05:30,1917.3,1918.8,1917.1,1918.2,34927.0
2025-05-20 14:19:00+05:30,1918.2,1918.4,1917.0,1917.9,44207.0
2025-05-20 14:20:00+05:30,1917.7,1918.4,1916.9,1916.9,36180.0
2025-05-20 14:21:00+05:30,1917.0,1918.0,1916.8,1918.0,19661.0
2025-05-20 14:22:00+05:30,1918.0,1918.0,1916.9,1916.9,35002.0
2025-05-20 14:23:00+05:30,1916.9,1918.0,1916.9,1917.2,20202.0
2025-05-20 14:24:00+05:30,1917.1,1917.9,1917.1,1917.8,27795.0
2025-05-20 14:25:00+05:30,1917.6,1917.7,1916.5,1917.5,45603.0
2025-05-20 14:26:00+05:30,1917.0,1917.4,1916.5,1916.9,19210.0
2025-05-20 14:27:00+05:30,1916.9,1917.5,1916.3,1917.0,23043.0
2025-05-20 14:28:00+05:30,1917.1,1917.3,1915.8,1915.8,30081.0
2025-05-20 14:29:00+05:30,1916.1,1916.9,1916.0,1916.8,16888.0
2025-05-20 14:30:00+05:30,1916.8,1916.8,1915.7,1915.7,30205.0
2025-05-20 14:31:00+05:30,1915.7,1916.6,1915.3,1915.4,61096.0
2025-05-20 14:32:00+05:30,1915.4,1916.8,1915.4,1916.7,15546.0
2025-05-20 14:33:00+05:30,1916.7,1916.9,1916.2,1916.2,24913.0
2025-05-20 14:34:00+05:30,1916.2,1916.3,1915.1,1916.0,29550.0
2025-05-20 14:35:00+05:30,1916.0,1916.6,1915.7,1916.2,47685.0
2025-05-20 14:36:00+05:30,1916.3,1916.6,1915.9,1916.3,20797.0
2025-05-20 14:37:00+05:30,1916.2,1916.3,1915.0,1915.3,26098.0
2025-05-20 14:38:00+05:30,1915.3,1916.3,1915.0,1916.0,27945.0
2025-05-20 14:39:00+05:30,1915.9,1916.0,1915.2,1915.5,33031.0
2025-05-20 14:40:00+05:30,1915.5,1915.8,1914.8,1914.9,82354.0
2025-05-20 14:41:00+05:30,1915.0,1915.5,1914.6,1914.6,35641.0
2025-05-20 14:42:00+05:30,1914.5,1915.7,1914.5,1915.3,34533.0
2025-05-20 14:43:00+05:30,1915.3,1915.7,1914.8,1914.8,37696.0
2025-05-20 14:44:00+05:30,1915.0,1915.6,1914.5,1915.6,37026.0
2025-05-20 14:45:00+05:30,1915.2,1915.7,1914.1,1914.1,29335.0
2025-05-20 14:46:00+05:30,1914.3,1915.1,1914.1,1915.1,8347.0
2025-05-20 14:47:00+05:30,1914.8,1915.3,1914.6,1914.8,9269.0
2025-05-20 14:48:00+05:30,1914.7,1915.0,1914.0,1914.4,14188.0
2025-05-20 14:49:00+05:30,1914.6,1915.0,1914.2,1914.6,7204.0
2025-05-20 14:50:00+05:30,1914.8,1914.9,1913.8,1914.8,27067.0
2025-05-20 14:51:00+05:30,1914.9,1915.4,1914.6,1914.8,11433.0
2025-05-20 14:52:00+05:30,1914.7,1914.8,1914.1,1914.4,44217.0
2025-05-20 14:53:00+05:30,1914.1,1914.8,1914.0,1914.8,72408.0
2025-05-20 14:54:00+05:30,1914.8,1915.0,1914.5,1914.6,58190.0
2025-05-20 14:55:00+05:30,1914.6,1915.1,1914.2,1914.5,70012.0
2025-05-20 14:56:00+05:30,1914.5,1914.8,1914.0,1914.5,77431.0
2025-05-20 14:57:00+05:30,1914.5,1914.7,1913.9,1914.5,65935.0
2025-05-20 14:58:00+05:30,1914.3,1915.0,1913.5,1914.9,71838.0
2025-05-20 14:59:00+05:30,1914.9,1914.9,1914.1,1914.3,54839.0
2025-05-20 15:00:00+05:30,1914.2,1914.5,1914.0,1914.2,174538.0
2025-05-20 15:01:00+05:30,1914.2,1914.2,1913.7,1913.9,168600.0
2025-05-20 15:02:00+05:30,1913.9,1915.5,1913.9,1915.5,165738.0
2025-05-20 15:03:00+05:30,1915.4,1915.5,1915.0,1915.0,132853.0
2025-05-20 15:04:00+05:30,1914.9,1915.0,1914.3,1914.5,141362.0
2025-05-20 15:05:00+05:30,1914.5,1914.5,1913.8,1913.9,137746.0
2025-05-20 15:06:00+05:30,1914.0,1914.0,1913.3,1913.8,182577.0
2025-05-20 15:07:00+05:30,1913.8,1914.9,1913.7,1914.7,145734.0
2025-05-20 15:08:00+05:30,1914.8,1914.9,1913.8,1914.0,143495.0
2025-05-20 15:09:00+05:30,1914.0,1915.2,1914.0,1915.1,168662.0
2025-05-20 15:10:00+05:30,1914.9,1915.0,1914.2,1914.9,155898.0
2025-05-20 15:11:00+05:30,1914.8,1915.0,1914.3,1915.0,167732.0
2025-05-20 15:12:00+05:30,1915.0,1915.0,1914.0,1914.9,143366.0
2025-05-20 15:13:00+05:30,1914.9,1914.9,1913.6,1914.9,188728.0
2025-05-20 15:14:00+05:30,1914.7,1914.9,1914.0,1914.7,158293.0
2025-05-20 15:15:00+05:30,1914.8,1915.6,1914.1,1915.6,141134.0
2025-05-20 15:16:00+05:30,1915.5,1916.0,1915.0,1915.0,142798.0
2025-05-20 15:17:00+05:30,1915.1,1916.1,1914.8,1916.0,140840.0
2025-05-20 15:18:00+05:30,1915.9,1915.9,1914.4,1914.7,107773.0
2025-05-20 15:19:00+05:30,1914.5,1914.7,1914.0,1914.7,145340.0
2025-05-20 15:20:00+05:30,1914.7,1915.3,1914.5,1915.2,146168.0
2025-05-20 15:21:00+05:30,1915.3,1916.1,1914.8,1916.1,117666.0
2025-05-20 15:22:00+05:30,1916.1,1916.1,1915.6,1915.8,125590.0
2025-05-20 15:23:00+05:30,1915.7,1917.0,1915.6,1917.0,92988.0
2025-05-20 15:24:00+05:30,1917.0,1917.0,1916.0,1916.8,122786.0
2025-05-20 15:25:00+05:30,1916.7,1917.8,1916.7,1917.7,72710.0
2025-05-20 15:26:00+05:30,1917.6,1917.8,1917.1,1917.4,66040.0
2025-05-20 15:27:00+05:30,1917.1,1917.8,1917.1,1917.7,74374.0
2025-05-20 15:28:00+05:30,1918.0,1918.0,1915.7,1917.8,52915.0
2025-05-20 15:29:00+05:30,1917.9,1918.0,1916.3,1917.7,30818.0
2025-05-21 09:15:00+05:30,1927.0,1929.0,1924.0,1926.7,297591.0
2025-05-21 09:16:00+05:30,1927.1,1928.9,1923.9,1927.5,90849.0
2025-05-21 09:17:00+05:30,1927.5,1928.7,1926.2,1928.0,69017.0
2025-05-21 09:18:00+05:30,1927.8,1929.5,1927.8,1928.6,53311.0
2025-05-21 09:19:00+05:30,1928.4,1929.7,1928.4,1929.2,39919.0
2025-05-21 09:20:00+05:30,1929.2,1930.0,1927.1,1927.4,41182.0
2025-05-21 09:21:00+05:30,1927.4,1927.9,1926.8,1926.8,14220.0
2025-05-21 09:22:00+05:30,1927.2,1927.8,1926.5,1927.0,9087.0
2025-05-21 09:23:00+05:30,1927.0,1927.9,1927.0,1927.9,8559.0
2025-05-21 09:24:00+05:30,1927.5,1928.5,1927.3,1927.6,10938.0
2025-05-21 09:25:00+05:30,1927.1,1928.3,1927.1,1927.4,23388.0
2025-05-21 09:26:00+05:30,1927.7,1928.5,1925.4,1925.4,26123.0
2025-05-21 09:27:00+05:30,1925.6,1925.9,1924.8,1924.9,8698.0
2025-05-21 09:28:00+05:30,1925.0,1926.9,1924.8,1926.3,18625.0
2025-05-21 09:29:00+05:30,1926.6,1928.9,1926.3,1927.4,9320.0
2025-05-21 09:30:00+05:30,1928.0,1929.5,1927.4,1929.0,23097.0
2025-05-21 09:31:00+05:30,1929.3,1929.5,1928.3,1928.7,25353.0
2025-05-21 09:32:00+05:30,1928.7,1930.0,1928.6,1929.7,22032.0
2025-05-21 09:33:00+05:30,1929.8,1931.5,1929.4,1931.2,25278.0
2025-05-21 09:34:00+05:30,1930.8,1931.0,1929.2,1929.8,21063.0
2025-05-21 09:35:00+05:30,1930.2,1930.9,1929.7,1929.9,9670.0
2025-05-21 09:36:00+05:30,1929.9,1930.9,1929.7,1930.3,8482.0
2025-05-21 09:37:00+05:30,1930.2,1931.5,1929.7,1931.5,7146.0
2025-05-21 09:38:00+05:30,1931.4,1932.6,1930.9,1932.6,20848.0
2025-05-21 09:39:00+05:30,1932.5,1932.9,1932.3,1932.9,7192.0
2025-05-21 09:40:00+05:30,1932.5,1932.9,1932.3,1932.3,10961.0
2025-05-21 09:41:00+05:30,1932.5,1933.4,1932.3,1933.4,12859.0
2025-05-21 09:42:00+05:30,1933.0,1934.0,1933.0,1933.9,5793.0
2025-05-21 09:43:00+05:30,1933.7,1934.4,1933.4,1934.0,16030.0
2025-05-21 09:44:00+05:30,1934.0,1936.0,1934.0,1936.0,28327.0
2025-05-21 09:45:00+05:30,1935.5,1937.7,1935.4,1937.5,30538.0
2025-05-21 09:46:00+05:30,1937.3,1939.9,1937.3,1939.0,31258.0
2025-05-21 09:47:00+05:30,1938.8,1939.8,1938.1,1938.7,48573.0
2025-05-21 09:48:00+05:30,1938.5,1938.9,1937.0,1937.5,73588.0
2025-05-21 09:49:00+05:30,1937.6,1937.9,1936.7,1937.3,15237.0
2025-05-21 09:50:00+05:30,1937.4,1937.5,1936.7,1937.0,7199.0
2025-05-21 09:51:00+05:30,1937.0,1938.9,1936.7,1938.9,22790.0
2025-05-21 09:52:00+05:30,1938.4,1940.7,1938.1,1940.2,46048.0
2025-05-21 09:53:00+05:30,1940.5,1942.0,1939.9,1940.6,43837.0
2025-05-21 09:54:00+05:30,1940.8,1941.3,1939.6,1940.6,30031.0
2025-05-21 09:55:00+05:30,1940.8,1940.9,1940.6,1940.6,7431.0
2025-05-21 09:56:00+05:30,1940.7,1940.7,1939.7,1940.0,12562.0
2025-05-21 09:57:00+05:30,1940.0,1940.5,1939.5,1939.7,20409.0
2025-05-21 09:58:00+05:30,1940.0,1940.1,1939.2,1939.7,31719.0
2025-05-21 09:59:00+05:30,1940.1,1940.1,1939.7,1939.7,12935.0
2025-05-21 10:00:00+05:30,1940.1,1940.1,1939.7,1940.1,16826.0
2025-05-21 10:01:00+05:30,1939.9,1940.9,1939.9,1940.1,18362.0
2025-05-21 10:02:00+05:30,1940.1,1941.0,1940.0,1940.5,8395.0
2025-05-21 10:03:00+05:30,1940.9,1940.9,1940.2,1940.5,4217.0
2025-05-21 10:04:00+05:30,1940.4,1940.4,1939.7,1940.0,5536.0
2025-05-21 10:05:00+05:30,1940.1,1940.2,1939.7,1939.7,18574.0
2025-05-21 10:06:00+05:30,1940.1,1940.1,1939.6,1940.1,9026.0
2025-05-21 10:07:00+05:30,1939.7,1941.0,1939.5,1940.2,15241.0
2025-05-21 10:08:00+05:30,1941.0,1941.5,1940.3,1941.0,8708.0
2025-05-21 10:09:00+05:30,1940.9,1941.5,1940.5,1940.7,6402.0
2025-05-21 10:10:00+05:30,1940.3,1942.0,1939.5,1942.0,13886.0
2025-05-21 10:11:00+05:30,1941.9,1941.9,1941.0,1941.3,10071.0
2025-05-21 10:12:00+05:30,1941.3,1941.3,1940.6,1940.9,7219.0
2025-05-21 10:13:00+05:30,1940.9,1941.0,1940.3,1941.0,12994.0
2025-05-21 10:14:00+05:30,1940.9,1942.0,1940.9,1941.6,7571.0
2025-05-21 10:15:00+05:30,1942.0,1943.0,1941.7,1942.8,19077.0
2025-05-21 10:16:00+05:30,1942.8,1943.5,1942.5,1942.7,46326.0
2025-05-21 10:17:00+05:30,1943.0,1943.5,1942.6,1943.0,22233.0
2025-05-21 10:18:00+05:30,1943.0,1943.0,1941.8,1942.8,11946.0
2025-05-21 10:19:00+05:30,1942.8,1943.3,1942.3,1943.2,28526.0
2025-05-21 10:20:00+05:30,1943.3,1944.9,1942.9,1944.7,32086.0
2025-05-21 10:21:00+05:30,1944.8,1946.9,1944.5,1945.0,90734.0
2025-05-21 10:22:00+05:30,1945.2,1946.8,1944.7,1944.8,30199.0
2025-05-21 10:23:00+05:30,1945.3,1945.4,1944.2,1944.2,30493.0
2025-05-21 10:24:00+05:30,1945.1,1945.4,1943.7,1944.7,30456.0
2025-05-21 10:25:00+05:30,1945.3,1945.3,1944.3,1945.2,19515.0
2025-05-21 10:26:00+05:30,1945.0,1945.1,1944.2,1944.9,25726.0
2025-05-21 10:27:00+05:30,1944.9,1945.0,1944.1,1944.1,9076.0
2025-05-21 10:28:00+05:30,1944.6,1944.6,1941.3,1941.3,10660.0
2025-05-21 10:29:00+05:30,1941.6,1943.0,1941.3,1942.4,11100.0
2025-05-21 10:30:00+05:30,1942.2,1942.7,1941.8,1941.9,4386.0
2025-05-21 10:31:00+05:30,1942.0,1942.9,1941.9,1942.8,5544.0
2025-05-21 10:32:00+05:30,1942.9,1942.9,1942.1,1942.8,4381.0
2025-05-21 10:33:00+05:30,1942.8,1942.9,1942.2,1942.5,3454.0
2025-05-21 10:34:00+05:30,1942.2,1942.5,1941.8,1941.8,6795.0
2025-05-21 10:35:00+05:30,1941.8,1942.5,1941.5,1942.5,10741.0
2025-05-21 10:36:00+05:30,1942.5,1944.8,1942.1,1944.2,9868.0
2025-05-21 10:37:00+05:30,1943.9,1945.0,1943.9,1944.1,7959.0
2025-05-21 10:38:00+05:30,1944.2,1944.2,1943.4,1943.8,5225.0
2025-05-21 10:39:00+05:30,1943.7,1943.8,1942.8,1943.2,6050.0
2025-05-21 10:40:00+05:30,1943.2,1943.8,1942.9,1943.3,6242.0
2025-05-21 10:41:00+05:30,1943.4,1943.9,1942.9,1943.0,23231.0
2025-05-21 10:42:00+05:30,1943.0,1943.0,1941.9,1941.9,14681.0
2025-05-21 10:43:00+05:30,1942.0,1942.2,1941.5,1941.8,7866.0
2025-05-21 10:44:00+05:30,1941.5,1941.9,1940.6,1940.7,15769.0
2025-05-21 10:45:00+05:30,1940.6,1941.0,1940.1,1940.2,6757.0
2025-05-21 10:46:00+05:30,1940.4,1940.7,1940.1,1940.5,7195.0
2025-05-21 10:47:00+05:30,1940.3,1940.5,1940.0,1940.1,9079.0
2025-05-21 10:48:00+05:30,1940.1,1940.5,1939.6,1940.0,14045.0
2025-05-21 10:49:00+05:30,1939.8,1941.0,1939.7,1940.7,9587.0
2025-05-21 10:50:00+05:30,1940.7,1941.0,1940.3,1940.6,6308.0
2025-05-21 10:51:00+05:30,1940.7,1941.0,1940.5,1941.0,5890.0
2025-05-21 10:52:00+05:30,1941.0,1941.0,1939.7,1939.7,34250.0
2025-05-21 10:53:00+05:30,1939.7,1940.0,1939.7,1939.9,20650.0
2025-05-21 10:54:00+05:30,1940.0,1940.0,1939.5,1939.9,8196.0
2025-05-21 10:55:00+05:30,1939.9,1940.8,1939.7,1940.0,15157.0
2025-05-21 10:56:00+05:30,1940.2,1941.2,1940.2,1940.3,10411.0
2025-05-21 10:57:00+05:30,1940.2,1940.8,1940.0,1940.8,13116.0
2025-05-21 10:58:00+05:30,1940.8,1941.1,1939.3,1939.3,49399.0
2025-05-21 10:59:00+05:30,1939.6,1939.7,1938.1,1938.5,20484.0
2025-05-21 11:00:00+05:30,1938.7,1940.0,1938.4,1939.3,53944.0
2025-05-21 11:01:00+05:30,1939.6,1940.7,1938.4,1938.5,36122.0
2025-05-21 11:02:00+05:30,1938.6,1939.4,1937.7,1937.9,20856.0
2025-05-21 11:03:00+05:30,1937.8,1937.8,1937.2,1937.4,8417.0
2025-05-21 11:04:00+05:30,1937.5,1937.5,1936.1,1936.2,8367.0
2025-05-21 11:05:00+05:30,1936.4,1937.7,1936.1,1936.8,7894.0
2025-05-21 11:06:00+05:30,1936.8,1937.9,1936.1,1937.1,18949.0
2025-05-21 11:07:00+05:30,1937.8,1937.8,1936.5,1936.7,3287.0
2025-05-21 11:08:00+05:30,1936.8,1937.8,1936.6,1937.5,4061.0
2025-05-21 11:09:00+05:30,1937.5,1939.3,1937.4,1939.0,13911.0
2025-05-21 11:10:00+05:30,1939.1,1940.0,1939.1,1939.9,19288.0
2025-05-21 11:11:00+05:30,1939.8,1940.0,1939.6,1939.9,6922.0
2025-05-21 11:12:00+05:30,1939.9,1939.9,1938.8,1939.0,12484.0
2025-05-21 11:13:00+05:30,1939.0,1939.0,1938.0,1938.3,7590.0
2025-05-21 11:14:00+05:30,1938.3,1938.4,1938.0,1938.0,5446.0
2025-05-21 11:15:00+05:30,1938.1,1938.4,1937.0,1937.5,13444.0
2025-05-21 11:16:00+05:30,1937.3,1938.7,1937.3,1938.6,8051.0
2025-05-21 11:17:00+05:30,1938.6,1938.8,1938.1,1938.3,7288.0
2025-05-21 11:18:00+05:30,1938.3,1938.3,1936.8,1937.1,4556.0
2025-05-21 11:19:00+05:30,1937.1,1937.4,1937.0,1937.2,4019.0
2025-05-21 11:20:00+05:30,1937.2,1938.1,1936.9,1937.3,6860.0
2025-05-21 11:21:00+05:30,1937.5,1937.5,1936.5,1936.6,3733.0
2025-05-21 11:22:00+05:30,1936.6,1936.6,1935.6,1936.0,10919.0
2025-05-21 11:23:00+05:30,1935.9,1935.9,1934.5,1935.5,13415.0
2025-05-21 11:24:00+05:30,1935.7,1936.0,1935.2,1935.2,3895.0
2025-05-21 11:25:00+05:30,1935.1,1937.6,1935.0,1937.5,49305.0
2025-05-21 11:26:00+05:30,1937.6,1937.7,1936.2,1936.2,3726.0
2025-05-21 11:27:00+05:30,1936.4,1936.9,1935.3,1936.1,31979.0
2025-05-21 11:28:00+05:30,1936.1,1937.0,1935.5,1936.1,5538.0
2025-05-21 11:29:00+05:30,1936.1,1936.2,1935.5,1935.7,2928.0
2025-05-21 11:30:00+05:30,1935.7,1935.7,1934.8,1935.0,5646.0
2025-05-21 11:31:00+05:30,1935.0,1935.0,1934.2,1934.5,20687.0
2025-05-21 11:32:00+05:30,1934.5,1935.3,1933.0,1933.8,18411.0
2025-05-21 11:33:00+05:30,1933.5,1934.9,1933.3,1934.4,12605.0
2025-05-21 11:34:00+05:30,1934.4,1934.7,1933.0,1934.7,6622.0
2025-05-21 11:35:00+05:30,1934.6,1934.6,1933.2,1933.9,5177.0
2025-05-21 11:36:00+05:30,1933.9,1933.9,1933.0,1933.0,6876.0
2025-05-21 11:37:00+05:30,1933.2,1934.0,1933.0,1933.6,3802.0
2025-05-21 11:38:00+05:30,1933.7,1934.4,1933.5,1934.1,8139.0
2025-05-21 11:39:00+05:30,1934.1,1934.5,1933.6,1933.8,8553.0
2025-05-21 11:40:00+05:30,1933.8,1934.4,1933.6,1934.2,5439.0
2025-05-21 11:41:00+05:30,1934.2,1934.5,1934.0,1934.2,7053.0
2025-05-21 11:42:00+05:30,1934.2,1934.6,1933.7,1934.3,8731.0
2025-05-21 11:43:00+05:30,1934.3,1934.3,1933.8,1933.8,3934.0
2025-05-21 11:44:00+05:30,1933.9,1933.9,1933.1,1933.1,3452.0
2025-05-21 11:45:00+05:30,1933.2,1933.8,1933.1,1933.3,3034.0
2025-05-21 11:46:00+05:30,1933.3,1933.4,1932.5,1932.6,4825.0
2025-05-21 11:47:00+05:30,1932.5,1933.1,1932.5,1932.8,6992.0
2025-05-21 11:48:00+05:30,1932.5,1932.8,1932.1,1932.2,7466.0
2025-05-21 11:49:00+05:30,1932.2,1932.4,1931.5,1931.8,5615.0
2025-05-21 11:50:00+05:30,1931.8,1932.1,1931.0,1931.1,5139.0
2025-05-21 11:51:00+05:30,1931.0,1931.7,1930.5,1931.2,8882.0
2025-05-21 11:52:00+05:30,1931.4,1931.8,1931.0,1931.5,3087.0
2025-05-21 11:53:00+05:30,1931.6,1931.6,1931.1,1931.2,3473.0
2025-05-21 11:54:00+05:30,1931.4,1931.5,1931.2,1931.2,4454.0
2025-05-21 11:55:00+05:30,1931.2,1932.0,1931.2,1931.5,5809.0
2025-05-21 11:56:00+05:30,1931.4,1932.0,1931.3,1931.5,4485.0
2025-05-21 11:57:00+05:30,1931.5,1932.0,1931.4,1931.9,3396.0
2025-05-21 11:58:00+05:30,1931.9,1932.4,1931.6,1931.6,3463.0
2025-05-21 11:59:00+05:30,1931.7,1932.6,1931.5,1932.0,12353.0
2025-05-21 12:00:00+05:30,1932.0,1933.0,1931.8,1932.4,18315.0
2025-05-21 12:01:00+05:30,1932.5,1933.1,1930.2,1930.3,35651.0
2025-05-21 12:02:00+05:30,1930.7,1931.1,1929.8,1931.1,47348.0
2025-05-21 12:03:00+05:30,1930.7,1931.7,1929.8,1930.4,63371.0
2025-05-21 12:04:00+05:30,1930.4,1930.5,1928.6,1928.6,63429.0
2025-05-21 12:05:00+05:30,1928.6,1929.9,1928.6,1929.5,8058.0
2025-05-21 12:06:00+05:30,1929.3,1929.7,1929.0,1929.4,3142.0
2025-05-21 12:07:00+05:30,1929.4,1930.3,1929.2,1929.5,3911.0
2025-05-21 12:08:00+05:30,1929.5,1930.0,1929.3,1929.5,2969.0
2025-05-21 12:09:00+05:30,1929.8,1929.9,1929.1,1929.4,4331.0
2025-05-21 12:10:00+05:30,1929.4,1929.4,1926.9,1927.3,16031.0
2025-05-21 12:11:00+05:30,1926.6,1928.0,1926.2,1927.8,7671.0
2025-05-21 12:12:00+05:30,1927.8,1928.0,1926.0,1926.0,7944.0
2025-05-21 12:13:00+05:30,1926.0,1926.9,1924.0,1924.6,19203.0
2025-05-21 12:14:00+05:30,1925.0,1925.0,1924.2,1925.0,8039.0
2025-05-21 12:15:00+05:30,1925.0,1925.0,1923.2,1923.3,10142.0
2025-05-21 12:16:00+05:30,1923.6,1923.6,1921.1,1922.4,20655.0
2025-05-21 12:17:00+05:30,1923.1,1923.5,1922.6,1922.9,4427.0
2025-05-21 12:18:00+05:30,1922.9,1922.9,1921.5,1922.5,8807.0
2025-05-21 12:19:00+05:30,1922.1,1924.7,1921.9,1924.5,21659.0
2025-05-21 12:20:00+05:30,1924.5,1926.5,1924.0,1925.9,43248.0
2025-05-21 12:21:00+05:30,1925.9,1927.4,1925.3,1925.9,15945.0
2025-05-21 12:22:00+05:30,1926.8,1926.8,1925.8,1926.8,4343.0
2025-05-21 12:23:00+05:30,1926.7,1927.4,1926.2,1926.7,6504.0
2025-05-21 12:24:00+05:30,1926.5,1926.9,1926.0,1926.2,3692.0
2025-05-21 12:25:00+05:30,1926.2,1926.6,1925.7,1926.5,3864.0
2025-05-21 12:26:00+05:30,1926.5,1926.6,1924.0,1924.0,42014.0
2025-05-21 12:27:00+05:30,1924.5,1925.0,1923.3,1925.0,7839.0
2025-05-21 12:28:00+05:30,1925.0,1925.7,1924.6,1924.7,3940.0
2025-05-21 12:29:00+05:30,1924.7,1925.0,1924.4,1925.0,3778.0
2025-05-21 12:30:00+05:30,1925.0,1927.2,1924.8,1926.5,30918.0
2025-05-21 12:31:00+05:30,1927.2,1928.2,1926.8,1927.0,29654.0
2025-05-21 12:32:00+05:30,1927.0,1927.7,1924.0,1924.2,62640.0
2025-05-21 12:33:00+05:30,1924.1,1926.9,1924.1,1926.9,15058.0
2025-05-21 12:34:00+05:30,1926.9,1927.3,1926.0,1926.1,13056.0
2025-05-21 12:35:00+05:30,1926.1,1928.5,1926.1,1928.0,18441.0
2025-05-21 12:36:00+05:30,1928.0,1929.1,1926.5,1928.3,18183.0
2025-05-21 12:37:00+05:30,1929.0,1929.6,1928.5,1929.0,11177.0
2025-05-21 12:38:00+05:30,1928.9,1929.0,1928.3,1928.3,7450.0
2025-05-21 12:39:00+05:30,1928.4,1928.5,1928.0,1928.4,3504.0
2025-05-21 12:40:00+05:30,1928.5,1929.0,1928.4,1928.6,5874.0
2025-05-21 12:41:00+05:30,1928.9,1929.0,1928.3,1928.4,8592.0
2025-05-21 12:42:00+05:30,1928.4,1929.0,1927.8,1928.4,6040.0
2025-05-21 12:43:00+05:30,1928.2,1928.5,1927.2,1927.5,6059.0
2025-05-21 12:44:00+05:30,1927.5,1927.8,1926.5,1927.1,6868.0
2025-05-21 12:45:00+05:30,1927.1,1928.3,1926.4,1928.0,22149.0
2025-05-21 12:46:00+05:30,1928.1,1928.3,1925.0,1925.3,23403.0
2025-05-21 12:47:00+05:30,1925.3,1926.1,1924.4,1925.6,5254.0
2025-05-21 12:48:00+05:30,1925.6,1926.8,1925.6,1926.7,4214.0
2025-05-21 12:49:00+05:30,1926.5,1926.7,1925.7,1925.7,6007.0
2025-05-21 12:50:00+05:30,1926.2,1926.5,1925.0,1926.3,5533.0
2025-05-21 12:51:00+05:30,1926.4,1926.4,1925.1,1925.2,5303.0
2025-05-21 12:52:00+05:30,1925.2,1925.2,1924.7,1925.1,3875.0
2025-05-21 12:53:00+05:30,1925.1,1925.4,1924.2,1925.2,17079.0
2025-05-21 12:54:00+05:30,1925.0,1925.4,1922.9,1923.0,29606.0
2025-05-21 12:55:00+05:30,1923.1,1925.0,1923.1,1924.7,7053.0
2025-05-21 12:56:00+05:30,1924.8,1925.6,1924.7,1925.0,5599.0
2025-05-21 12:57:00+05:30,1925.8,1926.4,1924.9,1926.4,6342.0
2025-05-21 12:58:00+05:30,1926.4,1926.5,1925.7,1926.2,4687.0
2025-05-21 12:59:00+05:30,1926.5,1926.8,1924.9,1926.2,47515.0
2025-05-21 13:00:00+05:30,1926.1,1926.8,1924.7,1926.6,10113.0
2025-05-21 13:01:00+05:30,1926.6,1926.8,1925.4,1925.6,7066.0
2025-05-21 13:02:00+05:30,1926.3,1926.8,1925.6,1926.3,3592.0
2025-05-21 13:03:00+05:30,1926.8,1926.8,1925.9,1926.3,6821.0
2025-05-21 13:04:00+05:30,1926.3,1928.8,1926.2,1927.5,46863.0
2025-05-21 13:05:00+05:30,1928.6,1929.0,1927.6,1928.1,25002.0
2025-05-21 13:06:00+05:30,1928.2,1928.8,1926.1,1926.3,71787.0
2025-05-21 13:07:00+05:30,1927.1,1928.1,1925.7,1928.1,28133.0
2025-05-21 13:08:00+05:30,1928.1,1928.4,1926.6,1927.0,19652.0
2025-05-21 13:09:00+05:30,1927.0,1927.4,1926.9,1927.4,2274.0
2025-05-21 13:10:00+05:30,1927.5,1927.6,1927.2,1927.4,3561.0
2025-05-21 13:11:00+05:30,1927.5,1928.0,1927.4,1927.9,5582.0
2025-05-21 13:12:00+05:30,1928.0,1928.0,1927.6,1927.9,3427.0
2025-05-21 13:13:00+05:30,1928.0,1928.9,1927.8,1928.7,3149.0
2025-05-21 13:14:00+05:30,1928.9,1928.9,1927.9,1927.9,10242.0
2025-05-21 13:15:00+05:30,1928.0,1928.1,1927.5,1927.9,16538.0
2025-05-21 13:16:00+05:30,1928.0,1928.3,1927.7,1928.0,7543.0
2025-05-21 13:17:00+05:30,1928.5,1928.6,1927.0,1928.0,19575.0
2025-05-21 13:18:00+05:30,1928.0,1929.9,1927.9,1929.9,9749.0
2025-05-21 13:19:00+05:30,1929.7,1930.0,1929.5,1929.7,6391.0
2025-05-21 13:20:00+05:30,1929.8,1930.0,1929.4,1929.7,6092.0
2025-05-21 13:21:00+05:30,1929.7,1931.0,1929.4,1929.9,24917.0
2025-05-21 13:22:00+05:30,1930.4,1930.4,1927.8,1927.9,15172.0
2025-05-21 13:23:00+05:30,1927.8,1927.9,1926.2,1926.6,15053.0
2025-05-21 13:24:00+05:30,1926.8,1927.4,1926.6,1926.9,4106.0
2025-05-21 13:25:00+05:30,1926.9,1926.9,1926.3,1926.7,4701.0
2025-05-21 13:26:00+05:30,1926.9,1927.0,1926.5,1926.6,3669.0
2025-05-21 13:27:00+05:30,1926.7,1926.7,1925.0,1925.8,16486.0
2025-05-21 13:28:00+05:30,1925.4,1926.2,1925.4,1926.1,4749.0
2025-05-21 13:29:00+05:30,1926.0,1926.2,1924.1,1924.1,15063.0
2025-05-21 13:30:00+05:30,1924.1,1924.9,1924.1,1924.5,8087.0
2025-05-21 13:31:00+05:30,1924.6,1925.0,1924.3,1924.9,5039.0
2025-05-21 13:32:00+05:30,1925.0,1925.0,1924.3,1924.5,5231.0
2025-05-21 13:33:00+05:30,1924.5,1925.0,1924.4,1924.6,6000.0
2025-05-21 13:34:00+05:30,1924.6,1925.0,1924.2,1925.0,9341.0
2025-05-21 13:35:00+05:30,1925.0,1926.0,1924.6,1925.6,9527.0
2025-05-21 13:36:00+05:30,1925.7,1925.7,1924.4,1924.7,9668.0
2025-05-21 13:37:00+05:30,1924.7,1925.6,1924.5,1925.2,16289.0
2025-05-21 13:38:00+05:30,1925.3,1925.4,1924.7,1925.1,10527.0
2025-05-21 13:39:00+05:30,1924.9,1925.0,1922.7,1924.5,12120.0
2025-05-21 13:40:00+05:30,1924.5,1925.0,1923.5,1924.8,7517.0
2025-05-21 13:41:00+05:30,1924.9,1925.0,1924.0,1924.6,13024.0
2025-05-21 13:42:00+05:30,1924.9,1925.4,1924.5,1925.0,7477.0
2025-05-21 13:43:00+05:30,1925.0,1925.4,1923.1,1923.3,13038.0
2025-05-21 13:44:00+05:30,1923.1,1924.4,1922.8,1923.3,15616.0
2025-05-21 13:45:00+05:30,1922.8,1925.0,1922.6,1924.4,11318.0
2025-05-21 13:46:00+05:30,1924.4,1924.9,1924.4,1924.5,3609.0
2025-05-21 13:47:00+05:30,1924.5,1925.2,1924.5,1924.9,4667.0
2025-05-21 13:48:00+05:30,1925.0,1925.2,1924.9,1925.1,4411.0
2025-05-21 13:49:00+05:30,1925.2,1926.0,1925.1,1925.7,4409.0
2025-05-21 13:50:00+05:30,1925.7,1925.8,1924.5,1925.0,6727.0
2025-05-21 13:51:00+05:30,1925.0,1925.2,1923.9,1923.9,6130.0
2025-05-21 13:52:00+05:30,1924.0,1925.4,1923.9,1924.9,5150.0
2025-05-21 13:53:00+05:30,1924.9,1925.2,1924.6,1924.8,6278.0
2025-05-21 13:54:00+05:30,1924.9,1925.1,1924.7,1925.0,5182.0
2025-05-21 13:55:00+05:30,1925.0,1925.3,1924.6,1924.6,7952.0
2025-05-21 13:56:00+05:30,1924.6,1925.8,1924.4,1925.8,4669.0
2025-05-21 13:57:00+05:30,1925.8,1926.0,1924.6,1925.8,10974.0
2025-05-21 13:58:00+05:30,1925.8,1926.2,1924.6,1924.6,10342.0
2025-05-21 13:59:00+05:30,1924.7,1925.2,1924.1,1925.0,4735.0
2025-05-21 14:00:00+05:30,1925.0,1925.0,1923.6,1924.7,6341.0
2025-05-21 14:01:00+05:30,1924.7,1924.8,1923.9,1924.8,6353.0
2025-05-21 14:02:00+05:30,1924.8,1925.0,1923.8,1924.2,6997.0
2025-05-21 14:03:00+05:30,1924.2,1924.2,1922.0,1923.3,10247.0
2025-05-21 14:04:00+05:30,1923.1,1923.2,1922.1,1922.5,8036.0
2025-05-21 14:05:00+05:30,1922.6,1924.1,1922.5,1924.1,6726.0
2025-05-21 14:06:00+05:30,1924.0,1924.1,1923.3,1923.3,7745.0
2025-05-21 14:07:00+05:30,1923.3,1924.6,1923.3,1924.1,8198.0
2025-05-21 14:08:00+05:30,1924.1,1924.7,1923.4,1923.4,6463.0
2025-05-21 14:09:00+05:30,1924.4,1924.7,1923.3,1924.2,10345.0
2025-05-21 14:10:00+05:30,1924.5,1924.6,1923.0,1924.6,7281.0
2025-05-21 14:11:00+05:30,1924.3,1925.0,1923.7,1924.7,8239.0
2025-05-21 14:12:00+05:30,1924.1,1925.6,1924.1,1925.4,6149.0
2025-05-21 14:13:00+05:30,1925.3,1925.7,1925.0,1925.3,5830.0
2025-05-21 14:14:00+05:30,1925.4,1926.4,1925.4,1926.4,4330.0
2025-05-21 14:15:00+05:30,1926.4,1926.8,1925.6,1926.1,9722.0
2025-05-21 14:16:00+05:30,1926.7,1926.7,1926.0,1926.6,5116.0
2025-05-21 14:17:00+05:30,1926.4,1926.6,1926.0,1926.3,7759.0
2025-05-21 14:18:00+05:30,1926.3,1926.5,1925.5,1926.0,10620.0
2025-05-21 14:19:00+05:30,1926.1,1926.2,1925.5,1925.8,9784.0
2025-05-21 14:20:00+05:30,1925.5,1926.3,1925.1,1926.0,10357.0
2025-05-21 14:21:00+05:30,1926.0,1926.7,1925.4,1925.9,7518.0
2025-05-21 14:22:00+05:30,1926.4,1928.4,1926.4,1927.2,17166.0
2025-05-21 14:23:00+05:30,1927.3,1927.9,1926.7,1927.8,5805.0
2025-05-21 14:24:00+05:30,1927.8,1927.8,1926.5,1927.5,7609.0
2025-05-21 14:25:00+05:30,1927.5,1927.6,1926.7,1927.5,6686.0
2025-05-21 14:26:00+05:30,1927.5,1928.2,1927.0,1928.2,6762.0
2025-05-21 14:27:00+05:30,1928.1,1928.8,1928.0,1928.2,9119.0
2025-05-21 14:28:00+05:30,1928.3,1928.6,1927.3,1928.2,10556.0
2025-05-21 14:29:00+05:30,1928.4,1928.7,1927.9,1928.5,8937.0
2025-05-21 14:30:00+05:30,1928.5,1929.3,1928.2,1928.3,10584.0
2025-05-21 14:31:00+05:30,1927.9,1928.8,1927.3,1927.7,9138.0
2025-05-21 14:32:00+05:30,1927.7,1927.7,1926.9,1927.1,7220.0
2025-05-21 14:33:00+05:30,1927.5,1928.0,1926.9,1928.0,7777.0
2025-05-21 14:34:00+05:30,1927.9,1928.5,1927.9,1928.1,9646.0
2025-05-21 14:35:00+05:30,1928.1,1928.7,1927.3,1928.5,18884.0
2025-05-21 14:36:00+05:30,1928.7,1929.8,1928.5,1929.7,51642.0
2025-05-21 14:37:00+05:30,1929.5,1929.5,1927.3,1928.0,29136.0
2025-05-21 14:38:00+05:30,1928.0,1928.3,1927.5,1928.0,7468.0
2025-05-21 14:39:00+05:30,1928.0,1928.9,1927.1,1927.7,33987.0
2025-05-21 14:40:00+05:30,1927.7,1928.6,1927.1,1927.8,13729.0
2025-05-21 14:41:00+05:30,1927.6,1929.1,1927.1,1927.8,39689.0
2025-05-21 14:42:00+05:30,1927.7,1927.7,1925.7,1926.1,21015.0
2025-05-21 14:43:00+05:30,1926.0,1927.4,1925.9,1926.2,12545.0
2025-05-21 14:44:00+05:30,1926.2,1927.0,1925.6,1925.9,26855.0
2025-05-21 14:45:00+05:30,1926.0,1928.3,1925.5,1927.3,40567.0
2025-05-21 14:46:00+05:30,1927.3,1928.3,1926.2,1926.4,23745.0
2025-05-21 14:47:00+05:30,1926.3,1927.0,1926.1,1926.7,14926.0
2025-05-21 14:48:00+05:30,1927.0,1927.6,1926.9,1927.2,22787.0
2025-05-21 14:49:00+05:30,1927.2,1927.5,1927.0,1927.5,16406.0
2025-05-21 14:50:00+05:30,1927.4,1927.4,1927.0,1927.1,17460.0
2025-05-21 14:51:00+05:30,1927.2,1927.5,1926.8,1927.2,21288.0
2025-05-21 14:52:00+05:30,1927.3,1928.3,1927.2,1927.6,15102.0
2025-05-21 14:53:00+05:30,1927.5,1928.7,1927.5,1927.9,16180.0
2025-05-21 14:54:00+05:30,1927.9,1928.8,1927.8,1928.8,9379.0
2025-05-21 14:55:00+05:30,1928.5,1928.9,1927.7,1928.1,11470.0
2025-05-21 14:56:00+05:30,1928.1,1928.4,1927.2,1928.0,15637.0
2025-05-21 14:57:00+05:30,1927.9,1928.1,1927.2,1927.6,12977.0
2025-05-21 14:58:00+05:30,1927.6,1927.7,1926.4,1926.8,10291.0
2025-05-21 14:59:00+05:30,1926.8,1927.3,1926.6,1927.3,20827.0
2025-05-21 15:00:00+05:30,1927.1,1930.0,1927.1,1929.3,186399.0
2025-05-21 15:01:00+05:30,1929.3,1929.7,1927.5,1927.5,79134.0
2025-05-21 15:02:00+05:30,1927.9,1927.9,1927.2,1927.8,55575.0
2025-05-21 15:03:00+05:30,1927.9,1928.1,1926.7,1927.0,68285.0
2025-05-21 15:04:00+05:30,1927.0,1927.1,1926.8,1926.8,40400.0
2025-05-21 15:05:00+05:30,1927.0,1928.5,1926.9,1928.0,99011.0
2025-05-21 15:06:00+05:30,1928.1,1928.6,1928.0,1928.3,46621.0
2025-05-21 15:07:00+05:30,1928.4,1928.5,1928.3,1928.4,49022.0
2025-05-21 15:08:00+05:30,1928.3,1928.5,1927.4,1927.7,59773.0
2025-05-21 15:09:00+05:30,1927.8,1927.8,1927.2,1927.2,45998.0
2025-05-21 15:10:00+05:30,1927.0,1927.0,1926.3,1926.5,49599.0
2025-05-21 15:11:00+05:30,1926.5,1926.7,1925.4,1925.4,64011.0
2025-05-21 15:12:00+05:30,1925.4,1925.6,1924.8,1925.1,57473.0
2025-05-21 15:13:00+05:30,1925.2,1925.3,1925.1,1925.1,45523.0
2025-05-21 15:14:00+05:30,1925.1,1925.3,1924.8,1924.8,46555.0
2025-05-21 15:15:00+05:30,1925.0,1925.0,1924.8,1924.9,46144.0
2025-05-21 15:16:00+05:30,1924.8,1925.2,1924.8,1925.2,70962.0
2025-05-21 15:17:00+05:30,1925.4,1927.3,1925.4,1927.1,113119.0
2025-05-21 15:18:00+05:30,1927.0,1927.1,1926.6,1926.8,39014.0
2025-05-21 15:19:00+05:30,1926.8,1927.1,1926.8,1926.9,52404.0
2025-05-21 15:20:00+05:30,1926.9,1926.9,1926.7,1926.8,31073.0
2025-05-21 15:21:00+05:30,1926.7,1927.2,1926.7,1927.2,43939.0
2025-05-21 15:22:00+05:30,1927.1,1927.7,1926.8,1927.0,71718.0
2025-05-21 15:23:00+05:30,1927.1,1927.1,1926.0,1926.3,55815.0
2025-05-21 15:24:00+05:30,1926.2,1926.3,1923.9,1924.2,60398.0
2025-05-21 15:25:00+05:30,1924.2,1926.4,1924.2,1925.7,59006.0
2025-05-21 15:26:00+05:30,1925.6,1925.6,1923.6,1924.7,53796.0
2025-05-21 15:27:00+05:30,1924.7,1925.7,1924.6,1925.4,52930.0
2025-05-21 15:28:00+05:30,1925.4,1925.6,1923.0,1925.1,31841.0
2025-05-21 15:29:00+05:30,1924.7,1926.0,1924.7,1925.2,4495.0
